{
  "projectName": "BugPulse",
  "projectDescription": "Intelligence Debugger & Reporter system for the VL 2.0 ecosystem to track, analyze, and correct AI-generated or manual coding errors with source tracking, categorization, correction modeling, and trend analysis capabilities.",
  "deviceTarget": "PC",
  "screenResolution": "1920x1080",
  "localization": {
    "enabled": "false",
    "supportedLocales": [
      "en"
    ],
    "defaultLocale": "en",
    "fallbackLocale": "en",
    "textStorageStrategy": "key",
    "localeStateVar": "$locale",
    "i18nStrings": {}
  },
  "themeReference": {
    "themeFile": "Theme/Theme-Default.vth",
    "colorScheme": "light",
    "designStyle": "Professional developer tools aesthetic with code-focused UI, using error/success color coding for diff visualization",
    "notes": "Use colorError for wrong statements, colorSuccess for correct statements. Card-based layout for bug entries with clear visual hierarchy."
  },
  "valueDomains": {
    "enums": [
      {
        "name": "ErrorCategory",
        "type": "STRING",
        "values": [
          "Syntax-LineBreak",
          "Syntax-EscapeChar",
          "Logic-StyleWrite",
          "Logic-FlowViolation",
          "Logic-JSNative",
          "Architecture-Mismatch"
        ],
        "defaultValue": "Syntax-LineBreak",
        "usedBy": [
          "BugLog.errorType",
          "ErrorCategory.name",
          "ReportFormSection.errorTypeSelect",
          "BugTrackerService.SubmitReport.errorType",
          "BugTrackerService.GetSuggestions"
        ],
        "notes": "Pre-defined error classifications for VL ecosystem bugs. Users can add custom categories which get stored in ErrorCategories table."
      },
      {
        "name": "ErrorSuperType",
        "type": "STRING",
        "values": [
          "syntax",
          "logic",
          "architecture"
        ],
        "defaultValue": "syntax",
        "usedBy": [
          "DashboardSection.chartData",
          "BugTrackerService.AnalyseTrends"
        ],
        "notes": "High-level grouping for trend analysis charts"
      },
      {
        "name": "SourceFileType",
        "type": "STRING",
        "values": [
          ".vx",
          ".sc",
          ".vs"
        ],
        "defaultValue": ".vx",
        "usedBy": [
          "BugLog.sourceFile",
          "ReportFormSection.sourceFileInput"
        ],
        "notes": "Valid VL source file extensions for tracking"
      }
    ],
    "constants": [
      {
        "name": "DEFAULT_PAGE_SIZE",
        "type": "INT",
        "value": 20,
        "usedBy": [
          "BugListSection.pagination",
          "BugTrackerService.GetBugLogs"
        ]
      },
      {
        "name": "MAX_CODE_LENGTH",
        "type": "INT",
        "value": 5000,
        "usedBy": [
          "ReportFormSection.codeInputValidation"
        ]
      },
      {
        "name": "SUGGESTION_LIMIT",
        "type": "INT",
        "value": 10,
        "usedBy": [
          "BugTrackerService.GetSuggestions"
        ]
      }
    ]
  },
  "roles": [
    {
      "roleId": "Developer",
      "roleName": "Developer",
      "description": "VL developers who submit bug reports and view analysis",
      "permissions": [
        "submitReport",
        "viewDashboard",
        "viewBugHistory",
        "viewTrends"
      ]
    },
    {
      "roleId": "Admin",
      "roleName": "Administrator",
      "description": "System administrators who manage error categories and have full access",
      "permissions": [
        "submitReport",
        "viewDashboard",
        "viewBugHistory",
        "viewTrends",
        "manageCategories",
        "deleteReports"
      ]
    }
  ],
  "apps": [
    {
      "appId": "BugPulseApp",
      "appDescription": "Main application for bug tracking, reporting, and analysis in the VL ecosystem",
      "targetRoleIds": [
        "Developer",
        "Admin"
      ],
      "sharedLayoutPattern": "singlePageWithConditionalViews",
      "pages": [
        {
          "pageId": "MainShell",
          "title": "BugPulse - VL Intelligence Debugger",
          "isDefault": true,
          "sections": [
            {
              "sectionId": "HeaderSection",
              "sectionType": "header",
              "description": "Application header with logo, title, and navigation tabs for switching between Report and Dashboard views",
              "mergedFeatures": [
                "logo",
                "title",
                "navigationTabs"
              ],
              "isShared": "true"
            },
            {
              "sectionId": "SidebarSection",
              "sectionType": "sidebar",
              "description": "Navigation sidebar with menu items for Report Form, Dashboard, and Bug History views",
              "mergedFeatures": [
                "menuNavigation",
                "activeStateIndicator"
              ],
              "isShared": "true"
            }
          ],
          "views": [
            {
              "viewId": "reportForm",
              "viewRoute": "/report",
              "sections": [
                {
                  "sectionId": "ReportFormSection",
                  "sectionType": "main",
                  "description": "Bug report submission form with source file input, searchable error type dropdown with autocomplete from existing categories, side-by-side markdown editors for wrong/correct code, and AI hallucination reason field"
                }
              ]
            },
            {
              "viewId": "dashboard",
              "viewRoute": "/",
              "sections": [
                {
                  "sectionId": "DashboardSection",
                  "sectionType": "main",
                  "description": "Analytics dashboard with chart visualization showing Syntax vs Logic vs Architecture error ratios, trend analysis for common AI errors, and summary statistics"
                }
              ]
            },
            {
              "viewId": "bugHistory",
              "viewRoute": "/history",
              "sections": [
                {
                  "sectionId": "BugListSection",
                  "sectionType": "main",
                  "description": "Scrollable list of bug reports with filter/search capabilities, displaying BugCard components with color-coded wrong/correct code diff, pagination support",
                  "mergedFeatures": [
                    "filter",
                    "search",
                    "list",
                    "pagination"
                  ]
                }
              ]
            },
            {
              "viewId": "bugDetail",
              "viewRoute": "/detail",
              "sections": [
                {
                  "sectionId": "BugDetailSection",
                  "sectionType": "main",
                  "description": "Detailed view of a single bug report showing full code diff with colorError for wrong statement and colorSuccess for correct statement, AI reason, metadata, and edit/delete actions"
                }
              ]
            }
          ]
        }
      ]
    }
  ],
  "dataModel": {
    "entities": [
      {
        "entityId": "BugLog",
        "description": "Individual bug report entry tracking VL coding errors with correction information",
        "fields": [
          {
            "name": "id",
            "type": "STRING",
            "description": "Unique identifier for the bug report",
            "constraints": [
              "notNull",
              "unique"
            ]
          },
          {
            "name": "sourceFile",
            "type": "STRING",
            "description": "Original source file name (.vx, .sc, or .vs)",
            "constraints": [
              "notNull"
            ]
          },
          {
            "name": "errorType",
            "type": "STRING",
            "description": "Classification of the error from ErrorCategories",
            "constraints": [
              "notNull"
            ],
            "valueDomainRef": "ErrorCategory"
          },
          {
            "name": "wrongCode",
            "type": "STRING",
            "description": "The incorrect code statement that was identified",
            "constraints": [
              "notNull"
            ]
          },
          {
            "name": "rightCode",
            "type": "STRING",
            "description": "The corrected code statement",
            "constraints": [
              "notNull"
            ]
          },
          {
            "name": "aiReason",
            "type": "STRING",
            "description": "Explanation of AI hallucination reason if applicable",
            "constraints": []
          },
          {
            "name": "timestamp",
            "type": "TIMESTAMP",
            "description": "When the bug report was created",
            "constraints": [
              "notNull",
              "default:now()"
            ]
          },
          {
            "name": "createdBy",
            "type": "STRING",
            "description": "User who submitted the report",
            "constraints": []
          }
        ]
      },
      {
        "entityId": "ErrorCategory",
        "description": "Unique list of error type strings for autocomplete and consistency",
        "fields": [
          {
            "name": "id",
            "type": "STRING",
            "description": "Unique identifier for the category",
            "constraints": [
              "notNull",
              "unique"
            ]
          },
          {
            "name": "name",
            "type": "STRING",
            "description": "Error category name/label",
            "constraints": [
              "notNull",
              "unique"
            ],
            "valueDomainRef": "ErrorCategory"
          },
          {
            "name": "superType",
            "type": "STRING",
            "description": "High-level grouping (syntax, logic, architecture)",
            "constraints": [
              "notNull"
            ],
            "valueDomainRef": "ErrorSuperType"
          },
          {
            "name": "usageCount",
            "type": "INT",
            "description": "Number of times this category has been used",
            "constraints": [
              "default:0"
            ]
          },
          {
            "name": "createdAt",
            "type": "TIMESTAMP",
            "description": "When the category was first created",
            "constraints": [
              "notNull",
              "default:now()"
            ]
          }
        ]
      }
    ],
    "relations": [
      {
        "relationId": "BugLogToErrorCategory",
        "from": {
          "entityId": "BugLog",
          "field": "errorType"
        },
        "to": {
          "entityId": "ErrorCategory",
          "field": "name"
        },
        "cardinality": "n-1",
        "notes": "Each bug log references one error category; categories can be referenced by many bug logs"
      }
    ]
  },
  "functionalRequirements": [
    {
      "reqId": "REQ001",
      "priority": "must",
      "description": "Submit bug reports with source file, error type, wrong code, correct code, and optional AI hallucination reason",
      "relatedPageIds": [
        "MainShell"
      ],
      "relatedSectionIds": [
        "ReportFormSection"
      ]
    },
    {
      "reqId": "REQ002",
      "priority": "must",
      "description": "Dynamic autocomplete for error types that suggests existing categories from database as user types",
      "relatedPageIds": [
        "MainShell"
      ],
      "relatedSectionIds": [
        "ReportFormSection"
      ]
    },
    {
      "reqId": "REQ003",
      "priority": "must",
      "description": "Automatically add new error categories to ErrorCategories table when a new type is submitted",
      "relatedPageIds": [
        "MainShell"
      ],
      "relatedSectionIds": [
        "ReportFormSection"
      ]
    },
    {
      "reqId": "REQ004",
      "priority": "must",
      "description": "Display chart visualization showing ratio of Syntax vs Logic vs Architecture errors",
      "relatedPageIds": [
        "MainShell"
      ],
      "relatedSectionIds": [
        "DashboardSection"
      ]
    },
    {
      "reqId": "REQ005",
      "priority": "must",
      "description": "List bug history with BugCard components showing color-coded code diff (red for wrong, green for correct)",
      "relatedPageIds": [
        "MainShell"
      ],
      "relatedSectionIds": [
        "BugListSection"
      ]
    },
    {
      "reqId": "REQ006",
      "priority": "must",
      "description": "Side-by-side markdown editors for inputting wrong and correct code blocks",
      "relatedPageIds": [
        "MainShell"
      ],
      "relatedSectionIds": [
        "ReportFormSection"
      ]
    },
    {
      "reqId": "REQ007",
      "priority": "should",
      "description": "Analyze and display trends of most common AI errors to help refine LLM prompts",
      "relatedPageIds": [
        "MainShell"
      ],
      "relatedSectionIds": [
        "DashboardSection"
      ]
    },
    {
      "reqId": "REQ008",
      "priority": "should",
      "description": "Filter and search bug history by error type, source file, and date range",
      "relatedPageIds": [
        "MainShell"
      ],
      "relatedSectionIds": [
        "BugListSection"
      ]
    },
    {
      "reqId": "REQ009",
      "priority": "could",
      "description": "View detailed bug report with full code diff and edit/delete capabilities",
      "relatedPageIds": [
        "MainShell"
      ],
      "relatedSectionIds": [
        "BugDetailSection"
      ]
    }
  ],
  "wiringPlan": {
    "interactions": [
      {
        "interactionId": "IX001",
        "scope": {
          "appId": "BugPulseApp",
          "pageId": "MainShell"
        },
        "source": {
          "sectionId": "SidebarSection",
          "uiElement": "MenuItem",
          "event": "@menuSelect",
          "emittedParams": [
            {
              "name": "route",
              "type": "STRING",
              "required": true
            }
          ]
        },
        "behaviorOwnership": "app-coordinated",
        "dataFlow": {
          "appStateWrites": [
            {
              "varName": "$activeRoute",
              "sourceParam": "route"
            }
          ],
          "parameterChain": [
            {
              "paramName": "route",
              "from": "event.emittedParams",
              "to": "state.$activeRoute",
              "passThrough": true,
              "required": true
            }
          ]
        },
        "state": [
          {
            "varName": "$activeRoute",
            "type": "STRING",
            "ownedBy": "App",
            "purpose": "Controls which view is visible in conditional rendering",
            "initialValue": "/"
          }
        ],
        "actions": [
          {
            "type": "setState",
            "detail": "Update $activeRoute to the selected menu route"
          }
        ],
        "services": [],
        "targets": [],
        "notes": "Navigation via sidebar menu updates active route for conditional view rendering"
      },
      {
        "interactionId": "IX002",
        "scope": {
          "appId": "BugPulseApp",
          "pageId": "MainShell"
        },
        "source": {
          "sectionId": "HeaderSection",
          "uiElement": "NavigationTab",
          "event": "@tabChange",
          "emittedParams": [
            {
              "name": "route",
              "type": "STRING",
              "required": true
            }
          ]
        },
        "behaviorOwnership": "app-coordinated",
        "dataFlow": {
          "appStateWrites": [
            {
              "varName": "$activeRoute",
              "sourceParam": "route"
            }
          ],
          "parameterChain": [
            {
              "paramName": "route",
              "from": "event.emittedParams",
              "to": "state.$activeRoute",
              "passThrough": true,
              "required": true
            }
          ]
        },
        "state": [
          {
            "varName": "$activeRoute",
            "type": "STRING",
            "ownedBy": "App",
            "purpose": "Controls which view is visible in conditional rendering",
            "initialValue": "/"
          }
        ],
        "actions": [
          {
            "type": "setState",
            "detail": "Update $activeRoute to the selected tab route"
          }
        ],
        "services": [],
        "targets": [],
        "notes": "Navigation via header tabs updates active route for conditional view rendering"
      },
      {
        "interactionId": "IX003",
        "scope": {
          "appId": "BugPulseApp",
          "pageId": "MainShell",
          "viewId": "reportForm"
        },
        "source": {
          "sectionId": "ReportFormSection",
          "uiElement": "ErrorTypeInput",
          "event": "@inputChange",
          "emittedParams": [
            {
              "name": "searchText",
              "type": "STRING",
              "required": true
            }
          ]
        },
        "behaviorOwnership": "cross-section",
        "dataFlow": {
          "appStateWrites": [],
          "parameterChain": [
              {
                "paramName": "searchText",
                "from": "event.emittedParams",
                "to": "services[0].inputMapping",
                "passThrough": true,
                "required": true
              }
            ]
        },
        "state": [
          {
            "varName": "$errorSuggestions",
            "type": "VEC<STRING>",
            "ownedBy": "ReportFormSection",
            "purpose": "Holds autocomplete suggestions for error type input",
            "initialValue": "[]"
          }
        ],
        "actions": [
          {
            "type": "callService",
            "detail": "Call GetSuggestions with search text to fetch matching error categories"
          }
        ],
        "services": [
          {
            "serviceName": "BugTrackerService.GetSuggestions",
            "purpose": "Fetch error categories matching the input text for autocomplete",
            "inputMapping": {
              "searchText": "event.searchText",
              "limit": "SUGGESTION_LIMIT"
            },
            "outputMapping": {
              "target": "$errorSuggestions",
              "shape": "VEC<STRING>"
            }
          }
        ],
        "targets": [
          {
            "sectionId": "ReportFormSection",
            "method": "UpdateSuggestions",
            "methodParams": [
              {
                "name": "suggestions",
                "type": "VEC<STRING>",
                "sourceParam": "$errorSuggestions"
              }
            ],
            "whatChanges": "Dropdown displays matching error category suggestions"
          }
        ],
        "notes": "Dynamic autocomplete for error type field fetches suggestions as user types"
      },
      {
        "interactionId": "IX004",
        "scope": {
          "appId": "BugPulseApp",
          "pageId": "MainShell",
          "viewId": "reportForm"
        },
        "source": {
          "sectionId": "ReportFormSection",
          "uiElement": "SubmitButton",
          "event": "@click",
          "emittedParams": [
            {
              "name": "reportData",
              "type": "{sourceFile:STRING,errorType:STRING,wrongCode:STRING,rightCode:STRING,aiReason:STRING}",
              "required": true
            }
          ]
        },
        "behaviorOwnership": "cross-section",
        "dataFlow": {
          "appStateWrites": [],
          "parameterChain": [
              {
                "paramName": "reportData",
                "from": "event.emittedParams",
                "to": "services[0].inputMapping",
                "passThrough": true,
                "required": true
              }
            ]
        },
        "state": [
          {
            "varName": "$submitStatus",
            "type": "STRING",
            "ownedBy": "ReportFormSection",
            "purpose": "Tracks submission state (idle, loading, success, error)",
            "initialValue": "idle"
          }
        ],
        "actions": [
          {
            "type": "callService",
            "detail": "Call SubmitReport to save bug report and auto-add new error category if needed"
          },
          {
            "type": "setState",
            "detail": "Update $submitStatus based on service response"
          },
          {
            "type": "emitEvent",
            "detail": "Emit reportSubmitted event on success for dashboard refresh"
          }
        ],
        "services": [
          {
            "serviceName": "BugTrackerService.SubmitReport",
            "purpose": "Save new bug report and check/add error category",
            "inputMapping": {
              "sourceFile": "reportData.sourceFile",
              "errorType": "reportData.errorType",
              "wrongCode": "reportData.wrongCode",
              "rightCode": "reportData.rightCode",
              "aiReason": "reportData.aiReason"
            },
            "outputMapping": {
              "target": "$submitStatus",
              "shape": "STRING"
            }
          }
        ],
        "targets": [
          {
            "sectionId": "ReportFormSection",
            "method": "ResetForm",
            "methodParams": [],
            "whatChanges": "Form fields cleared on successful submission"
          },
          {
            "sectionId": "DashboardSection",
            "method": "RefreshStats",
            "methodParams": [],
            "whatChanges": "Dashboard statistics refreshed to include new report"
          }
        ],
        "notes": "Submit report triggers transaction that saves bug and updates categories if new type"
      },
      {
        "interactionId": "IX005",
        "scope": {
          "appId": "BugPulseApp",
          "pageId": "MainShell",
          "viewId": "dashboard"
        },
        "source": {
          "sectionId": "DashboardSection",
          "uiElement": "ViewMount",
          "event": "@mount",
          "emittedParams": []
        },
        "behaviorOwnership": "internal",
        "internalAction": {
          "description": "Load dashboard data on view mount",
          "systemComponent": "FrontendApi",
          "method": "fetchData",
          "args": [],
          "notes": "Fetch trend analysis and chart data on dashboard view load"
        },
        "dataFlow": {
          "appStateWrites": [],
          "parameterChain": []
        },
        "state": [
          {
            "varName": "$chartData",
            "type": "JSON",
            "ownedBy": "DashboardSection",
            "purpose": "Holds aggregated error type ratios for chart rendering",
            "initialValue": "{}"
          },
          {
            "varName": "$trendData",
            "type": "VEC<JSON>",
            "ownedBy": "DashboardSection",
            "purpose": "Holds most common AI error trends",
            "initialValue": "[]"
          }
        ],
        "actions": [
          {
            "type": "callService",
            "detail": "Call AnalyseTrends to get error statistics and trends"
          }
        ],
        "services": [
          {
            "serviceName": "BugTrackerService.AnalyseTrends",
            "purpose": "Aggregate error statistics for dashboard visualization",
            "inputMapping": {},
            "outputMapping": {
                "target": "$chartData, $trendData",
                "shape": "{chartData:JSON, trendData:VEC<JSON>}"
              }
          }
        ],
        "targets": [
          {
            "sectionId": "DashboardSection",
            "method": "RenderCharts",
            "methodParams": [
              {
                "name": "chartData",
                "type": "JSON",
                "sourceParam": "$chartData"
              },
              {
                "name": "trendData",
                "type": "VEC<JSON>",
                "sourceParam": "$trendData"
              }
            ],
            "whatChanges": "Charts and trend analysis rendered with fetched data"
          }
        ],
        "notes": "Dashboard loads statistics and trend data on mount"
      },
      {
        "interactionId": "IX006",
        "scope": {
          "appId": "BugPulseApp",
          "pageId": "MainShell",
          "viewId": "bugHistory"
        },
        "source": {
          "sectionId": "BugListSection",
          "uiElement": "FilterControls",
          "event": "@filterChange",
          "emittedParams": [
            {
              "name": "filters",
              "type": "{errorType:STRING,sourceFile:STRING,dateFrom:TIMESTAMP,dateTo:TIMESTAMP,searchText:STRING}",
              "required": false
            }
          ]
        },
        "behaviorOwnership": "internal",
        "internalAction": {
          "description": "Filter and refresh bug list based on filter criteria",
          "systemComponent": "FrontendApi",
          "method": "fetchData",
          "args": [
            "filters"
          ],
          "notes": "Applies filters to bug list query"
        },
        "dataFlow": {
          "appStateWrites": [],
          "parameterChain": [
              {
                "paramName": "filters",
                "from": "event.emittedParams",
                "to": "services[0].inputMapping",
                "passThrough": true,
                "required": false
              }
            ]
        },
        "state": [
          {
            "varName": "$bugList",
            "type": "VEC<BugLog>",
            "ownedBy": "BugListSection",
            "purpose": "Holds filtered list of bug reports for display",
            "initialValue": "[]"
          },
          {
            "varName": "$currentFilters",
            "type": "JSON",
            "ownedBy": "BugListSection",
            "purpose": "Current active filter state",
            "initialValue": "{}"
          },
          {
            "varName": "$currentPage",
            "type": "INT",
            "ownedBy": "BugListSection",
            "purpose": "Current pagination page number",
            "initialValue": "1"
          },
          {
            "varName": "$totalCount",
            "type": "INT",
            "ownedBy": "BugListSection",
            "purpose": "Total count of filtered results for pagination",
            "initialValue": "0"
          }
        ],
        "actions": [
          {
            "type": "setState",
            "detail": "Update $currentFilters with new filter values"
          },
          {
            "type": "callService",
            "detail": "Call GetBugLogs with filters and pagination params"
          }
        ],
        "services": [
          {
            "serviceName": "BugTrackerService.GetBugLogs",
            "purpose": "Fetch filtered and paginated bug reports",
            "inputMapping": {
              "filters": "event.filters",
              "page": "$currentPage",
              "pageSize": "DEFAULT_PAGE_SIZE"
            },
            "outputMapping": {
              "target": "$bugList, $totalCount",
              "shape": "{items:VEC<BugLog>, total:INT}"
            }
          }
        ],
        "targets": [
          {
            "sectionId": "BugListSection",
            "method": "RenderList",
            "methodParams": [
              {
                "name": "bugs",
                "type": "VEC<BugLog>",
                "sourceParam": "$bugList"
              },
              {
                "name": "total",
                "type": "INT",
                "sourceParam": "$totalCount"
              }
            ],
            "whatChanges": "Bug list refreshed with filtered results and pagination updated"
          }
        ],
        "notes": "Filter changes trigger list refresh with new criteria"
      },
      {
        "interactionId": "IX007",
        "scope": {
          "appId": "BugPulseApp",
          "pageId": "MainShell",
          "viewId": "bugHistory"
        },
        "source": {
          "sectionId": "BugListSection",
          "uiElement": "PaginationControl",
          "event": "@pageChange",
          "emittedParams": [
            {
              "name": "page",
              "type": "INT",
              "required": true
            }
          ]
        },
        "behaviorOwnership": "internal",
        "internalAction": {
          "description": "Load specified page of bug list",
          "systemComponent": "FrontendApi",
          "method": "fetchData",
          "args": [
            "page"
          ],
          "notes": "Pagination navigation"
        },
        "dataFlow": {
          "appStateWrites": [],
          "parameterChain": [
              {
                "paramName": "page",
                "from": "event.emittedParams",
                "to": "services[0].inputMapping",
                "passThrough": true,
                "required": true
              }
            ]
        },
        "state": [
          {
            "varName": "$currentPage",
            "type": "INT",
            "ownedBy": "BugListSection",
            "purpose": "Current pagination page number",
            "initialValue": "1"
          }
        ],
        "actions": [
          {
            "type": "setState",
            "detail": "Update $currentPage to selected page"
          },
          {
            "type": "callService",
            "detail": "Call GetBugLogs with current filters and new page number"
          }
        ],
        "services": [
          {
            "serviceName": "BugTrackerService.GetBugLogs",
            "purpose": "Fetch paginated bug reports for selected page",
            "inputMapping": {
              "filters": "$currentFilters",
              "page": "event.page",
              "pageSize": "DEFAULT_PAGE_SIZE"
            },
            "outputMapping": {
              "target": "$bugList",
              "shape": "VEC<BugLog>"
            }
          }
        ],
        "targets": [
          {
            "sectionId": "BugListSection",
            "method": "RenderList",
            "methodParams": [
              {
                "name": "bugs",
                "type": "VEC<BugLog>",
                "sourceParam": "$bugList"
              }
            ],
            "whatChanges": "Bug list updated with new page of results"
          }
        ],
        "notes": "Pagination changes trigger list reload for selected page"
      },
      {
        "interactionId": "IX008",
        "scope": {
          "appId": "BugPulseApp",
          "pageId": "MainShell",
          "viewId": "bugHistory"
        },
        "source": {
          "sectionId": "BugListSection",
          "uiElement": "BugCard",
          "event": "@click",
          "emittedParams": [
            {
              "name": "bugId",
              "type": "STRING",
              "required": true
            }
          ]
        },
        "behaviorOwnership": "app-coordinated",
        "dataFlow": {
          "appStateWrites": [
            {
              "varName": "$selectedBugId",
              "sourceParam": "bugId"
            },
            {
              "varName": "$activeRoute",
              "sourceParam": "literal:/detail"
            }
          ],
          "parameterChain": [
            {
              "paramName": "bugId",
              "from": "event.emittedParams",
              "to": "state.$selectedBugId",
              "passThrough": true,
              "required": true
            }
          ]
        },
        "state": [
          {
            "varName": "$selectedBugId",
            "type": "STRING",
            "ownedBy": "App",
            "purpose": "ID of currently selected bug for detail view",
            "initialValue": ""
          }
        ],
        "actions": [
          {
            "type": "setState",
            "detail": "Set $selectedBugId to clicked bug's ID"
          },
          {
            "type": "switchView",
            "detail": "Update $activeRoute to /detail to show bug detail view"
          }
        ],
        "services": [],
        "targets": [
            {
              "sectionId": "BugDetailSection",
              "method": "LoadBugDetail",
              "methodParams": [
                {
                  "name": "bugId",
                  "type": "STRING",
                  "sourceParam": "$selectedBugId"
                }
              ],
              "whatChanges": "Bug detail view loads and displays selected bug"
            }
          ],
        "notes": "Clicking a bug card navigates to detail view with selected bug"
      },
      {
        "interactionId": "IX009",
        "scope": {
          "appId": "BugPulseApp",
          "pageId": "MainShell",
          "viewId": "bugDetail"
        },
        "source": {
          "sectionId": "BugDetailSection",
          "uiElement": "DeleteButton",
          "event": "@click",
          "emittedParams": [
            {
              "name": "bugId",
              "type": "STRING",
              "required": true
            }
          ]
        },
        "behaviorOwnership": "cross-section",
        "dataFlow": {
          "appStateWrites": [
            {
              "varName": "$activeRoute",
              "sourceParam": "literal:/history"
            }
          ],
          "parameterChain": [
            {
              "paramName": "bugId",
              "from": "event.emittedParams",
              "to": "services[0].inputMapping",
              "passThrough": true,
              "required": true
            }
          ]
        },
        "state": [],
        "actions": [
            {
              "type": "callService",
              "detail": "Call DeleteBugLog to remove the bug report"
            },
            {
              "type": "switchView",
              "detail": "Navigate back to bug history view after deletion"
            }
          ],
        "services": [
            {
              "serviceName": "BugTrackerService.DeleteBugLog",
              "purpose": "Delete the specified bug report",
              "inputMapping": {
                "bugId": "event.bugId"
              },
              "outputMapping": {
                "target": "none",
                "shape": "BOOL"
              }
            }
          ],
        "targets": [
            {
              "sectionId": "BugListSection",
              "method": "RefreshList",
              "methodParams": [],
              "whatChanges": "Bug list refreshed to reflect deletion"
            }
          ],
        "notes": "Delete action removes bug and returns to history view"
      },
      {
        "interactionId": "IX010",
        "scope": {
          "appId": "BugPulseApp",
          "pageId": "MainShell",
          "viewId": "bugDetail"
        },
        "source": {
          "sectionId": "BugDetailSection",
          "uiElement": "BackButton",
          "event": "@click",
          "emittedParams": []
        },
        "behaviorOwnership": "app-coordinated",
        "dataFlow": {
          "appStateWrites": [
            {
              "varName": "$activeRoute",
              "sourceParam": "literal:/history"
            }
          ],
          "parameterChain": []
        },
        "state": [],
        "actions": [
            {
              "type": "switchView",
              "detail": "Update $activeRoute to /history to return to bug history"
            }
          ],
        "services": [],
        "targets": [],
        "notes": "Back button returns to bug history list view"
      }
    ]
  },
  "modalSemantics": [
    {
      "modalId": "confirmDelete",
      "sectionId": "ConfirmDeleteModal",
      "openTrigger": "IX009 - before service call",
      "closeConditions": [
        "cancelButton",
        "confirmButton",
        "maskClick"
      ],
      "contentDescription": "Confirmation dialog asking user to confirm bug report deletion with cancel and confirm actions"
    }
  ]
}