{
  "localization": {
    "enabled": "false",
    "defaultLocale": "en",
    "fallbackLocale": "en",
    "textStorageStrategy": "key"
  },
  "valueDomains": {
    "enums": [
      {
        "name": "ErrorCategory",
        "type": "STRING",
        "values": [
          "Syntax-LineBreak",
          "Syntax-EscapeChar",
          "Logic-StyleWrite",
          "Logic-FlowViolation",
          "Logic-JSNative",
          "Architecture-Mismatch"
        ],
        "defaultValue": "Syntax-LineBreak",
        "usedBy": [
          "BugLogVT.errorType",
          "ErrorCategoryVT.name",
          "SubmitReport.inputParams.errorType",
          "GetSuggestions.inputParams.searchText"
        ],
        "notes": "Pre-defined error classifications for VL ecosystem bugs"
      },
      {
        "name": "ErrorSuperType",
        "type": "STRING",
        "values": [
          "syntax",
          "logic",
          "architecture"
        ],
        "defaultValue": "syntax",
        "usedBy": [
          "ErrorCategoryVT.superType",
          "AnalyseTrends.outputParams.chartData"
        ],
        "notes": "High-level grouping for trend analysis charts"
      },
      {
        "name": "SourceFileType",
        "type": "STRING",
        "values": [
          ".vx",
          ".sc",
          ".vs"
        ],
        "defaultValue": ".vx",
        "usedBy": [
          "BugLogVT.sourceFile",
          "SubmitReport.inputParams.sourceFile"
        ],
        "notes": "Valid VL source file extensions for tracking"
      }
    ],
    "constants": [
      {
        "name": "DEFAULT_PAGE_SIZE",
        "type": "INT",
        "value": 20,
        "usedBy": [
          "GetBugLogs.inputParams.pageSize"
        ]
      },
      {
        "name": "MAX_CODE_LENGTH",
        "type": "INT",
        "value": 5000,
        "usedBy": [
          "SubmitReport.inputParams.wrongCode",
          "SubmitReport.inputParams.rightCode"
        ]
      },
      {
        "name": "SUGGESTION_LIMIT",
        "type": "INT",
        "value": 10,
        "usedBy": [
          "GetSuggestions.inputParams.limit"
        ]
      }
    ]
  },
  "serviceDomains": [
    {
      "domainId": "BugTracker",
      "fileName": "BugTracker.vs",
      "filePath": "Services/BugTracker.vs",
      "description": "Core domain for bug tracking operations including report submission, retrieval, filtering, trend analysis, and category management",
      "relatedTables": [
        "BugLogs",
        "ErrorCategories"
      ],
      "virtualTables": [
        {
          "name": "BugLogVT",
          "sourceTable": "BugLogs",
          "fields": [
            {
              "name": "_id",
              "type": "INT",
              "isReadOnly": "true"
            },
            {
              "name": "id",
              "type": "STRING"
            },
            {
              "name": "sourceFile",
              "type": "STRING",
              "valueDomainRef": "SourceFileType"
            },
            {
              "name": "errorType",
              "type": "STRING",
              "valueDomainRef": "ErrorCategory"
            },
            {
              "name": "wrongCode",
              "type": "STRING"
            },
            {
              "name": "rightCode",
              "type": "STRING"
            },
            {
              "name": "aiReason",
              "type": "STRING"
            },
            {
              "name": "timestamp",
              "type": "TIMESTAMP"
            },
            {
              "name": "createdBy",
              "type": "STRING"
            },
            {
              "name": "_create",
              "type": "TIMESTAMP",
              "isReadOnly": "true"
            },
            {
              "name": "_update",
              "type": "TIMESTAMP",
              "isReadOnly": "true"
            },
            {
              "name": "categorySuperType",
              "type": "STRING",
              "sourceField": "errorType~ErrorCategories[name].superType",
              "isReadOnly": "true",
              "relatedRelation": "BugLogs&ErrorCategories",
              "valueDomainRef": "ErrorSuperType"
            }
          ]
        },
        {
          "name": "ErrorCategoryVT",
          "sourceTable": "ErrorCategories",
          "fields": [
            {
              "name": "_id",
              "type": "INT",
              "isReadOnly": "true"
            },
            {
              "name": "id",
              "type": "STRING"
            },
            {
              "name": "name",
              "type": "STRING",
              "valueDomainRef": "ErrorCategory"
            },
            {
              "name": "superType",
              "type": "STRING",
              "valueDomainRef": "ErrorSuperType"
            },
            {
              "name": "usageCount",
              "type": "INT"
            },
            {
              "name": "createdAt",
              "type": "TIMESTAMP"
            },
            {
              "name": "_create",
              "type": "TIMESTAMP",
              "isReadOnly": "true"
            },
            {
              "name": "_update",
              "type": "TIMESTAMP",
              "isReadOnly": "true"
            }
          ]
        }
      ],
      "services": [
        {
          "serviceName": "GetSuggestions",
          "description": "Fetch error categories matching input text for autocomplete suggestions",
          "virtualTableRefs": [
            "ErrorCategoryVT"
          ],
          "primaryVirtualTable": "ErrorCategoryVT",
          "vtOperation": "select",
          "inputParams": [
            {
              "name": "searchText",
              "type": "STRING",
              "required": false,
              "vtField": "name",
              "vtOperator": "*contains"
            },
            {
              "name": "limit",
              "type": "INT",
              "required": false,
              "constantRef": "SUGGESTION_LIMIT"
            }
          ],
          "outputParams": [
            {
              "name": "success",
              "type": "BOOL"
            },
            {
              "name": "message",
              "type": "STRING"
            },
            {
              "name": "data",
              "type": "[{name:STRING,superType:STRING,usageCount:INT}]"
            }
          ],
          "returnFields": [
            "name",
            "superType",
            "usageCount"
          ],
          "queryPlan": {
            "conditions": [
              {
                "param": "searchText",
                "vtField": "name",
                "op": "*contains"
              }
            ],
            "orderBy": [
              [
                "usageCount",
                "desc"
              ]
            ],
            "limit": {
              "paramRef": "limit",
              "default": 10
            }
          },
          "errorHandling": {
            "emptyState": "No matching categories found",
            "failureCase": "Failed to fetch suggestions"
          },
          "businessRules": [
            "Returns categories ordered by usage count descending",
            "Limited to SUGGESTION_LIMIT results"
          ],
          "wiredFrom": [
            "IX003"
          ]
        },
        {
          "serviceName": "SubmitReport",
          "description": "Save new bug report and auto-create error category if new type is submitted",
          "virtualTableRefs": [
            "BugLogVT",
            "ErrorCategoryVT"
          ],
          "primaryVirtualTable": "BugLogVT",
          "vtOperation": "transaction",
          "inputParams": [
            {
              "name": "sourceFile",
              "type": "STRING",
              "required": true,
              "valueDomainRef": "SourceFileType"
            },
            {
              "name": "errorType",
              "type": "STRING",
              "required": true,
              "valueDomainRef": "ErrorCategory"
            },
            {
              "name": "wrongCode",
              "type": "STRING",
              "required": true
            },
            {
              "name": "rightCode",
              "type": "STRING",
              "required": true
            },
            {
              "name": "aiReason",
              "type": "STRING",
              "required": false
            }
          ],
          "outputParams": [
            {
              "name": "success",
              "type": "BOOL"
            },
            {
              "name": "message",
              "type": "STRING"
            },
            {
              "name": "data",
              "type": "{_id:INT,id:STRING}"
            }
          ],
          "returnFields": [
            "_id",
            "id"
          ],
          "queryPlan": {
            "transaction": [
              {
                "step": 1,
                "operation": "select",
                "virtualTable": "ErrorCategoryVT",
                "purpose": "Check if errorType already exists",
                "condition": {
                  "vtField": "name",
                  "op": "eq",
                  "param": "errorType"
                }
              },
              {
                "step": 2,
                "operation": "insert",
                "virtualTable": "ErrorCategoryVT",
                "purpose": "Create new category if not exists",
                "conditional": "step1.count == 0",
                "fields": [
                  "id",
                  "name",
                  "superType",
                  "usageCount",
                  "createdAt"
                ]
              },
              {
                "step": 3,
                "operation": "update",
                "virtualTable": "ErrorCategoryVT",
                "purpose": "Increment usageCount for existing category",
                "conditional": "step1.count > 0",
                "condition": {
                  "vtField": "name",
                  "op": "eq",
                  "param": "errorType"
                },
                "fields": [
                  "usageCount"
                ]
              },
              {
                "step": 4,
                "operation": "insert",
                "virtualTable": "BugLogVT",
                "purpose": "Insert new bug report",
                "fields": [
                  "id",
                  "sourceFile",
                  "errorType",
                  "wrongCode",
                  "rightCode",
                  "aiReason",
                  "timestamp",
                  "createdBy"
                ]
              }
            ]
          },
          "errorHandling": {
            "emptyState": "N/A",
            "failureCase": "Failed to submit bug report"
          },
          "businessRules": [
            "Generate unique id for new bug report",
            "Auto-create ErrorCategory if errorType does not exist",
            "Increment usageCount on existing category",
            "Derive superType from errorType prefix (Syntax->syntax, Logic->logic, Architecture->architecture)"
          ],
          "wiredFrom": [
            "IX004"
          ]
        },
        {
          "serviceName": "GetBugLogs",
          "description": "Fetch filtered and paginated list of bug reports with optional filters",
          "virtualTableRefs": [
            "BugLogVT"
          ],
          "primaryVirtualTable": "BugLogVT",
          "vtOperation": "select",
          "inputParams": [
            {
              "name": "errorType",
              "type": "STRING",
              "required": false,
              "vtField": "errorType",
              "vtOperator": "*eq",
              "valueDomainRef": "ErrorCategory"
            },
            {
              "name": "sourceFile",
              "type": "STRING",
              "required": false,
              "vtField": "sourceFile",
              "vtOperator": "*contains"
            },
            {
              "name": "dateFrom",
              "type": "TIMESTAMP",
              "required": false,
              "vtField": "timestamp",
              "vtOperator": "*gte"
            },
            {
              "name": "dateTo",
              "type": "TIMESTAMP",
              "required": false,
              "vtField": "timestamp",
              "vtOperator": "*lte"
            },
            {
              "name": "searchText",
              "type": "STRING",
              "required": false,
              "vtField": "wrongCode",
              "vtOperator": "*contains"
            },
            {
              "name": "pageNum",
              "type": "INT",
              "required": false,
              "default": 1
            },
            {
              "name": "pageSize",
              "type": "INT",
              "required": false,
              "default": 20,
              "constantRef": "DEFAULT_PAGE_SIZE"
            }
          ],
          "outputParams": [
            {
              "name": "success",
              "type": "BOOL"
            },
            {
              "name": "message",
              "type": "STRING"
            },
            {
              "name": "data",
              "type": "[{_id:INT,id:STRING,sourceFile:STRING,errorType:STRING,wrongCode:STRING,rightCode:STRING,aiReason:STRING,timestamp:TIMESTAMP,createdBy:STRING}]"
            },
            {
              "name": "total",
              "type": "INT"
            }
          ],
          "returnFields": [
            "_id",
            "id",
            "sourceFile",
            "errorType",
            "wrongCode",
            "rightCode",
            "aiReason",
            "timestamp",
            "createdBy"
          ],
          "queryPlan": {
            "conditions": [
              {
                "param": "errorType",
                "vtField": "errorType",
                "op": "*eq",
                "valueDomainRef": "ErrorCategory"
              },
              {
                "param": "sourceFile",
                "vtField": "sourceFile",
                "op": "*contains"
              },
              {
                "param": "dateFrom",
                "vtField": "timestamp",
                "op": "*gte"
              },
              {
                "param": "dateTo",
                "vtField": "timestamp",
                "op": "*lte"
              },
              {
                "param": "searchText",
                "vtField": "wrongCode",
                "op": "*contains"
              }
            ],
            "orderBy": [
              [
                "timestamp",
                "desc"
              ]
            ],
            "pagination": {
              "pageNumParam": "pageNum",
              "pageSizeParam": "pageSize",
              "defaultPageSize": 20
            }
          },
          "errorHandling": {
            "emptyState": "No bug reports found matching criteria",
            "failureCase": "Failed to fetch bug reports"
          },
          "businessRules": [
            "All filter params are optional - pass null to ignore",
            "Results ordered by timestamp descending (newest first)",
            "Supports pagination with total count for UI"
          ],
          "wiredFrom": [
            "IX006",
            "IX007"
          ]
        },
        {
          "serviceName": "GetBugDetail",
          "description": "Fetch single bug report by ID for detail view",
          "virtualTableRefs": [
            "BugLogVT"
          ],
          "primaryVirtualTable": "BugLogVT",
          "vtOperation": "select",
          "inputParams": [
            {
              "name": "bugId",
              "type": "STRING",
              "required": true,
              "vtField": "id",
              "vtOperator": "eq"
            }
          ],
          "outputParams": [
            {
              "name": "success",
              "type": "BOOL"
            },
            {
              "name": "message",
              "type": "STRING"
            },
            {
              "name": "data",
              "type": "{_id:INT,id:STRING,sourceFile:STRING,errorType:STRING,wrongCode:STRING,rightCode:STRING,aiReason:STRING,timestamp:TIMESTAMP,createdBy:STRING,categorySuperType:STRING}"
            }
          ],
          "returnFields": [
            "_id",
            "id",
            "sourceFile",
            "errorType",
            "wrongCode",
            "rightCode",
            "aiReason",
            "timestamp",
            "createdBy",
            "categorySuperType"
          ],
          "queryPlan": {
            "conditions": [
              {
                "param": "bugId",
                "vtField": "id",
                "op": "eq"
              }
            ],
            "singleResult": true
          },
          "errorHandling": {
            "emptyState": "Bug report not found",
            "failureCase": "Failed to fetch bug detail"
          },
          "businessRules": [
            "Returns single bug report with cross-table category superType"
          ],
          "wiredFrom": [
            "IX008"
          ]
        },
        {
          "serviceName": "DeleteBugLog",
          "description": "Delete a bug report by ID",
          "virtualTableRefs": [
            "BugLogVT"
          ],
          "primaryVirtualTable": "BugLogVT",
          "vtOperation": "delete",
          "inputParams": [
            {
              "name": "bugId",
              "type": "STRING",
              "required": true,
              "vtField": "id",
              "vtOperator": "eq"
            }
          ],
          "outputParams": [
            {
              "name": "success",
              "type": "BOOL"
            },
            {
              "name": "message",
              "type": "STRING"
            }
          ],
          "returnFields": [],
          "queryPlan": {
              "conditions": [
                {
                  "param": "bugId",
                  "vtField": "id",
                  "op": "eq"
                }
              ]
            },
          "errorHandling": {
              "emptyState": "Bug report not found",
              "failureCase": "Failed to delete bug report"
            },
          "businessRules": [
              "Requires Admin role permission"
            ],
          "wiredFrom": [
              "IX009"
            ]
        },
        {
          "serviceName": "AnalyseTrends",
          "description": "Aggregate error statistics for dashboard visualization including superType ratios and common error trends",
          "virtualTableRefs": [
            "BugLogVT",
            "ErrorCategoryVT"
          ],
          "primaryVirtualTable": "ErrorCategoryVT",
          "vtOperation": "select",
          "inputParams": [],
          "outputParams": [
              {
                "name": "success",
                "type": "BOOL"
              },
              {
                "name": "message",
                "type": "STRING"
              },
              {
                "name": "chartData",
                "type": "{syntax:INT,logic:INT,architecture:INT,total:INT}"
              },
              {
                "name": "trendData",
                "type": "[{name:STRING,superType:STRING,usageCount:INT}]"
              },
              {
                "name": "totalBugs",
                "type": "INT"
              }
            ],
          "returnFields": [
              "name",
              "superType",
              "usageCount"
            ],
          "queryPlan": {
              "aggregations": [
                {
                  "name": "chartData",
                  "type": "groupBy",
                  "groupField": "superType",
                  "aggregateField": "usageCount",
                  "aggregateOp": "sum"
                },
                {
                  "name": "trendData",
                  "type": "topN",
                  "orderBy": [
                    [
                      "usageCount",
                      "desc"
                    ]
                  ],
                  "limit": 10
                }
              ],
              "orderBy": [
                [
                  "usageCount",
                  "desc"
                ]
              ]
            },
          "errorHandling": {
              "emptyState": "No data available for analysis",
              "failureCase": "Failed to fetch trend analysis"
            },
          "businessRules": [
              "chartData aggregates usageCount by superType for pie/bar chart",
              "trendData returns top 10 most common error categories",
              "totalBugs is sum of all usageCount values"
            ],
          "wiredFrom": [
              "IX005"
            ]
        }
      ]
    }
  ]
}