{
  "apps": [
    {
      "appId": "BugPulseApp",
      "fileName": "BugPulseApp.vx",
      "filePath": "Apps/BugPulseApp.vx",
      "deviceTarget": "PC",
      "screenResolution": "1920x1080",
      "themeFile": "Theme/Theme-Default.vth",
      "localization": {
        "enabled": "false",
        "supportedLocales": [
          "en"
        ],
        "defaultLocale": "en",
        "fallbackLocale": "en",
        "textStorageStrategy": "key",
        "localeStateVar": "$locale",
        "i18nStringsFrom": "PRD.localization.i18nStrings"
      },
      "appGlobalVars": [
        {
          "name": "$locale",
          "type": "STRING",
          "default": "en",
          "purpose": "current locale"
        },
        {
          "name": "$activeRoute",
          "type": "STRING",
          "default": "/",
          "purpose": "current route for conditional view rendering"
        },
        {
          "name": "$selectedBugId",
          "type": "STRING",
          "default": "",
          "purpose": "ID of currently selected bug for detail view"
        }
      ],
      "sharedLayoutPattern": "singlePageWithConditionalViews",
      "shellLayout": {
        "enabled": true,
        "contentInsets": {
          "top": "64px",
          "left": "240px"
        },
        "layoutTree": {
          "container": "Col",
          "instanceId": "shellRoot",
          "props": {
            "width": "100vw",
            "height": "100vh"
          },
          "children": [
            {
              "type": "section",
              "sectionId": "HeaderSection",
              "instanceId": "header",
              "sizing": {
                "position": "fixed",
                "top": "0",
                "left": "0",
                "right": "0",
                "height": "64px",
                "z-index": "1030"
              }
            },
            {
              "type": "section",
              "sectionId": "SidebarSection",
              "instanceId": "sidebar",
              "sizing": {
                "position": "fixed",
                "top": "64px",
                "left": "0",
                "width": "240px",
                "height": "calc(100vh - 64px)",
                "z-index": "1020"
              }
            }
          ]
        },
        "shellBindings": [
          {
            "wiringRef": "IX001",
            "description": "Sidebar menu navigation updates active route",
            "sectionRef": {
              "sectionId": "SidebarSection",
              "instanceId": "sidebar"
            },
            "publicPropsBinding": {
              "activeRoute": "$activeRoute"
            },
            "eventBindings": [
              {
                "event": "@menuSelect",
                "eventParams": [
                  {
                    "name": "route",
                    "type": "STRING"
                  }
                ],
                "handlerSteps": [
                  {
                    "stepType": "setState",
                    "target": "$activeRoute",
                    "targetType": "STRING",
                    "source": "event.route"
                  }
                ]
              }
            ]
          },
          {
            "wiringRef": "IX002",
            "description": "Header tab navigation updates active route",
            "sectionRef": {
              "sectionId": "HeaderSection",
              "instanceId": "header"
            },
            "publicPropsBinding": {
              "activeRoute": "$activeRoute"
            },
            "eventBindings": [
              {
                "event": "@tabChange",
                "eventParams": [
                  {
                    "name": "route",
                    "type": "STRING"
                  }
                ],
                "handlerSteps": [
                  {
                    "stepType": "setState",
                    "target": "$activeRoute",
                    "targetType": "STRING",
                    "source": "event.route"
                  }
                ]
              }
            ]
          }
        ]
      },
      "pages": [
        {
          "pageId": "MainShell",
          "route": "/",
          "title": "BugPulse - VL Intelligence Debugger",
          "isDefault": true,
          "layoutTree": {
            "container": "Col",
            "instanceId": "mainContent",
            "props": {
              "width": "calc(100vw - 240px)",
              "height": "calc(100vh - 64px)",
              "marginTop": "64px",
              "marginLeft": "240px",
              "overflow": "auto",
              "padding": "24px"
            },
            "children": [
              {
                "type": "conditionalViews",
                "conditionVar": "$activeRoute",
                "views": [
                  {
                    "viewId": "dashboard",
                    "conditionValue": "/",
                    "sectionId": "DashboardSection",
                    "instanceId": "dashboard",
                    "sizing": {
                      "width": "100%",
                      "flex": "1",
                      "overflow": "auto"
                    }
                  },
                  {
                    "viewId": "reportForm",
                    "conditionValue": "/report",
                    "sectionId": "ReportFormSection",
                    "instanceId": "reportForm",
                    "sizing": {
                      "width": "100%",
                      "flex": "1",
                      "overflow": "auto"
                    }
                  },
                  {
                    "viewId": "bugHistory",
                    "conditionValue": "/history",
                    "sectionId": "BugListSection",
                    "instanceId": "bugList",
                    "sizing": {
                      "width": "100%",
                      "flex": "1",
                      "overflow": "auto"
                    }
                  },
                  {
                    "viewId": "bugDetail",
                    "conditionValue": "/detail",
                    "sectionId": "BugDetailSection",
                    "instanceId": "bugDetail",
                    "sizing": {
                      "width": "100%",
                      "flex": "1",
                      "overflow": "auto"
                    }
                  }
                ]
              }
            ]
          },
          "views": [
            {
              "viewId": "dashboard",
              "viewRoute": "/",
              "layoutTree": {
                "container": "Col",
                "instanceId": "dashboardViewRoot",
                "children": [
                  {
                    "type": "section",
                    "sectionId": "DashboardSection",
                    "instanceId": "dashboard"
                  }
                ]
              }
            },
            {
              "viewId": "reportForm",
              "viewRoute": "/report",
              "layoutTree": {
                "container": "Col",
                "instanceId": "reportFormViewRoot",
                "children": [
                  {
                    "type": "section",
                    "sectionId": "ReportFormSection",
                    "instanceId": "reportForm"
                  }
                ]
              }
            },
            {
              "viewId": "bugHistory",
              "viewRoute": "/history",
              "layoutTree": {
                "container": "Col",
                "instanceId": "bugHistoryViewRoot",
                "children": [
                  {
                    "type": "section",
                    "sectionId": "BugListSection",
                    "instanceId": "bugList"
                  }
                ]
              }
            },
            {
              "viewId": "bugDetail",
              "viewRoute": "/detail",
              "layoutTree": {
                "container": "Col",
                "instanceId": "bugDetailViewRoot",
                "children": [
                  {
                    "type": "section",
                    "sectionId": "BugDetailSection",
                    "instanceId": "bugDetail"
                  }
                ]
              }
            }
          ],
          "modalWrappers": [
            {
              "modalId": "confirmDeleteModal",
              "sectionId": "ConfirmDeleteModal",
              "sectionInstanceId": "confirmDelete",
              "showVar": "$showDeleteConfirm",
              "placement": "center",
              "mask": true,
              "closeOnMaskClick": true,
              "zIndexToken": "zIndexModal"
            }
          ],
          "pageBindings": [
            {
              "wiringRef": "IX004",
              "description": "Report form submission triggers save and dashboard refresh",
              "sectionRef": {
                "sectionId": "ReportFormSection",
                "instanceId": "reportForm"
              },
              "publicPropsBinding": {},
              "eventBindings": [
                  {
                    "event": "@reportSubmitted",
                    "eventParams": [
                      {
                        "name": "success",
                        "type": "BOOL"
                      }
                    ],
                    "handlerSteps": [
                      {
                        "stepType": "callSectionMethod",
                        "targetSection": {
                          "sectionId": "DashboardSection",
                          "instanceId": "dashboard"
                        },
                        "method": "RefreshStats",
                        "argMapping": {},
                        "argTypes": {},
                        "awaitResult": false
                      }
                    ]
                  }
                ],
              "methodCalls": []
            },
            {
              "wiringRef": "IX005",
              "description": "Dashboard section initial data load",
              "sectionRef": {
                "sectionId": "DashboardSection",
                "instanceId": "dashboard"
              },
              "publicPropsBinding": {},
              "eventBindings": [],
              "methodCalls": [
                    {
                      "methodName": "LoadDashboardData",
                      "callSite": "@init",
                      "args": {},
                      "expectedUpdates": [
                          "$chartData",
                          "$trendData"
                        ]
                    }
                  ]
            },
            {
              "wiringRef": "IX006-IX007",
              "description": "Bug list section with filter, search, and pagination",
              "sectionRef": {
                "sectionId": "BugListSection",
                "instanceId": "bugList"
              },
              "publicPropsBinding": {},
              "eventBindings": [
                  {
                    "event": "@bugSelect",
                    "eventParams": [
                      {
                        "name": "bugId",
                        "type": "STRING"
                      }
                    ],
                    "handlerSteps": [
                      {
                        "stepType": "setState",
                        "target": "$selectedBugId",
                        "targetType": "STRING",
                        "source": "event.bugId"
                      },
                      {
                        "stepType": "setState",
                        "target": "$activeRoute",
                        "targetType": "STRING",
                        "source": "'/detail'"
                      }
                    ]
                  }
                ],
              "methodCalls": [
                  {
                    "methodName": "LoadInitialData",
                    "callSite": "@init",
                    "args": {},
                    "expectedUpdates": [
                        "$bugList",
                        "$totalCount"
                      ]
                  }
                ]
            },
            {
              "wiringRef": "IX008-IX010",
              "description": "Bug detail section with delete and back navigation",
              "sectionRef": {
                "sectionId": "BugDetailSection",
                "instanceId": "bugDetail"
              },
              "publicPropsBinding": {
                "bugId": "$selectedBugId"
              },
              "eventBindings": [
                {
                  "event": "@backToList",
                  "eventParams": [],
                  "handlerSteps": [
                      {
                        "stepType": "setState",
                        "target": "$activeRoute",
                        "targetType": "STRING",
                        "source": "'/history'"
                      }
                    ]
                },
                {
                  "event": "@bugDeleted",
                  "eventParams": [
                    {
                      "name": "bugId",
                      "type": "STRING"
                    }
                  ],
                  "handlerSteps": [
                    {
                      "stepType": "setState",
                      "target": "$activeRoute",
                      "targetType": "STRING",
                      "source": "'/history'"
                    },
                    {
                      "stepType": "callSectionMethod",
                      "targetSection": {
                        "sectionId": "BugListSection",
                        "instanceId": "bugList"
                      },
                      "method": "RefreshList",
                      "argMapping": {},
                      "argTypes": {},
                      "awaitResult": false
                    }
                  ]
                }
              ],
              "methodCalls": []
            }
          ]
        }
      ]
    }
  ],
  "sections": [
    {
      "sectionId": "HeaderSection",
      "fileName": "HeaderSection.sc",
      "filePath": "Sections/HeaderSection.sc",
      "sectionType": "header",
      "description": "Application header with logo, title, and navigation tabs for switching between Report and Dashboard views",
      "mergedFeatures": [
        "logo",
        "title",
        "navigationTabs"
      ],
      "previewSize": {
        "width": "100%",
        "minHeight": "64px"
      },
      "publicProps": [
        {
          "name": "activeRoute",
          "type": "STRING",
          "required": false,
          "description": "Current active route for tab highlighting"
        }
      ],
      "keyStates": [
        {
          "name": "$tabs",
          "type": "[{key:STRING,label:STRING,route:STRING}]",
          "description": "Navigation tab items",
          "initialValue": "[{key:'dashboard',label:'Dashboard',route:'/'},{key:'report',label:'Report Bug',route:'/report'},{key:'history',label:'Bug History',route:'/history'}]",
          "ownedBy": "Section",
          "populatedBy": "static"
        }
      ],
      "servicesUsed": [],
      "internalStructure": {
          "blocks": [
            {
              "blockName": "logoArea",
              "purpose": "App logo and title",
              "layoutHint": "Row",
              "keyUI": [
                "Image-Logo",
                "Text-Title"
              ]
            },
            {
              "blockName": "navTabs",
              "purpose": "Navigation tabs",
              "layoutHint": "Row",
              "keyUI": [
                "For-Tabs",
                "Tab-Item"
              ]
            }
          ],
          "notes": "Fixed header with branding and primary navigation"
        },
      "componentRefs": [],
      "componentBindings": [],
      "publicEvents": [
              {
                "name": "@tabChange",
                "params": [
                  {
                    "name": "route",
                    "type": "STRING"
                  }
                ],
                "description": "Emitted when a navigation tab is clicked"
              }
            ],
      "publicMethods": [],
      "behaviorBoundary": {
                "internalBehaviors": [],
                "emittedBehaviors": [
                    {
                      "trigger": "tab.@click",
                      "event": "@tabChange",
                      "params": [
                        {
                          "name": "route",
                          "type": "STRING"
                        }
                      ],
                      "purpose": "Notify App to change active route",
                      "handledBy": "App (updates $activeRoute)"
                    }
                  ],
                "boundaryRule": "Navigation is app-coordinated; header only emits route change requests"
              },
      "initBehavior": {
                "callOnInit": null,
                "notes": "No initial data load required; tabs are static"
              },
      "wiringRefs": [
                "IX002"
              ]
    },
    {
      "sectionId": "SidebarSection",
      "fileName": "SidebarSection.sc",
      "filePath": "Sections/SidebarSection.sc",
      "sectionType": "sidebar",
      "description": "Navigation sidebar with menu items for Report Form, Dashboard, and Bug History views",
      "mergedFeatures": [
        "menuNavigation",
        "activeStateIndicator"
      ],
      "previewSize": {
        "width": "240px",
        "minHeight": "100%"
      },
      "publicProps": [
        {
          "name": "activeRoute",
          "type": "STRING",
          "required": false,
          "description": "Current active route for menu highlighting"
        }
      ],
      "keyStates": [
        {
          "name": "$menuItems",
          "type": "[{key:STRING,label:STRING,route:STRING,icon:STRING}]",
          "description": "Sidebar menu items",
          "initialValue": "[{key:'dashboard',label:'Dashboard',route:'/',icon:'chart-pie'},{key:'report',label:'Report Bug',route:'/report',icon:'bug'},{key:'history',label:'Bug History',route:'/history',icon:'list'}]",
          "ownedBy": "Section",
          "populatedBy": "static"
        }
      ],
      "servicesUsed": [],
      "internalStructure": {
          "blocks": [
            {
              "blockName": "menuList",
              "purpose": "Navigation menu items",
              "layoutHint": "Col",
              "keyUI": [
                "For-MenuItems",
                "Block-SidebarItem"
              ]
            }
          ],
          "notes": "Fixed sidebar with vertical menu navigation"
        },
      "componentRefs": [],
      "componentBindings": [],
      "publicEvents": [
              {
                "name": "@menuSelect",
                "params": [
                  {
                    "name": "route",
                    "type": "STRING"
                  }
                ],
                "description": "Emitted when a menu item is selected"
              }
            ],
      "publicMethods": [],
      "behaviorBoundary": {
                "internalBehaviors": [],
                "emittedBehaviors": [
                    {
                      "trigger": "menuItem.@click",
                      "event": "@menuSelect",
                      "params": [
                        {
                          "name": "route",
                          "type": "STRING"
                        }
                      ],
                      "purpose": "Notify App to change active route",
                      "handledBy": "App (updates $activeRoute)"
                    }
                  ],
                "boundaryRule": "Navigation is app-coordinated; sidebar only emits route change requests, never calls navigate()"
              },
      "initBehavior": {
                "callOnInit": null,
                "notes": "No initial data load required; menu items are static"
              },
      "wiringRefs": [
                "IX001"
              ]
    },
    {
      "sectionId": "ReportFormSection",
      "fileName": "ReportFormSection.sc",
      "filePath": "Sections/ReportFormSection.sc",
      "sectionType": "main",
      "description": "Bug report submission form with source file input, searchable error type dropdown with autocomplete, side-by-side markdown editors for wrong/correct code, and AI hallucination reason field",
      "mergedFeatures": [
        "form",
        "autocomplete",
        "codeEditor"
      ],
      "previewSize": {
        "width": "100%",
        "minHeight": "600px"
      },
      "publicProps": [],
      "keyStates": [
          {
            "name": "$sourceFile",
            "type": "STRING",
            "description": "Source file name input",
            "initialValue": "",
            "ownedBy": "Section",
            "populatedBy": "userInput",
            "valueDomainRefs": [
              "SourceFileType"
            ]
          },
          {
            "name": "$errorType",
            "type": "STRING",
            "description": "Selected error type",
            "initialValue": "",
            "ownedBy": "Section",
            "populatedBy": "userInput",
            "valueDomainRefs": [
              "ErrorCategory"
            ]
          },
          {
            "name": "$errorSuggestions",
            "type": "[{name:STRING,superType:STRING,usageCount:INT}]",
            "description": "Autocomplete suggestions for error type",
            "initialValue": "[]",
            "ownedBy": "Section",
            "populatedBy": "GetSuggestions"
          },
          {
            "name": "$wrongCode",
            "type": "STRING",
            "description": "Wrong code statement",
            "initialValue": "",
            "ownedBy": "Section",
            "populatedBy": "userInput"
          },
          {
            "name": "$rightCode",
            "type": "STRING",
            "description": "Correct code statement",
            "initialValue": "",
            "ownedBy": "Section",
            "populatedBy": "userInput"
          },
          {
            "name": "$aiReason",
            "type": "STRING",
            "description": "AI hallucination reason",
            "initialValue": "",
            "ownedBy": "Section",
            "populatedBy": "userInput"
          },
          {
            "name": "$submitStatus",
            "type": "STRING",
            "description": "Form submission status (idle, loading, success, error)",
            "initialValue": "idle",
            "ownedBy": "Section",
            "populatedBy": "SubmitReport"
          },
          {
            "name": "$isLoading",
            "type": "BOOL",
            "description": "Loading state for submit button",
            "initialValue": "false",
            "ownedBy": "Section",
            "populatedBy": "internal"
          }
        ],
      "servicesUsed": [
          {
            "wiringRef": "IX003",
            "serviceName": "BugTrackerService.GetSuggestions",
            "purpose": "Fetch error categories matching input text for autocomplete",
            "inputMapping": {
              "searchText": "$errorType",
              "limit": "SUGGESTION_LIMIT"
            },
            "outputMapping": {
              "data": "$errorSuggestions"
            }
          },
          {
            "wiringRef": "IX004",
            "serviceName": "BugTrackerService.SubmitReport",
            "purpose": "Save new bug report and auto-create error category if new",
            "inputMapping": {
              "sourceFile": "$sourceFile",
              "errorType": "$errorType",
              "wrongCode": "$wrongCode",
              "rightCode": "$rightCode",
              "aiReason": "$aiReason"
            },
            "outputMapping": {
              "success": "$submitStatus"
            }
          }
        ],
      "internalStructure": {
          "blocks": [
            {
              "blockName": "formHeader",
              "purpose": "Form title and description",
              "layoutHint": "Col",
              "keyUI": [
                "Text-HeadingLarge",
                "Text-Secondary"
              ]
            },
            {
              "blockName": "sourceFileInput",
              "purpose": "Source file name input",
              "layoutHint": "Col",
              "keyUI": [
                "Block-FormGroup",
                "Input-InputDefault",
                "Select-FileTypeExtension"
              ]
            },
            {
              "blockName": "errorTypeInput",
              "purpose": "Error type autocomplete dropdown",
              "layoutHint": "Col",
              "keyUI": [
                "Block-FormGroup",
                "Input-InputDefault",
                "Block-DropdownMenu",
                "For-Suggestions"
              ]
            },
            {
              "blockName": "codeEditors",
              "purpose": "Side-by-side wrong/correct code editors",
              "layoutHint": "Row",
              "keyUI": [
                "Block-GridCol2",
                "Textarea-WrongCode",
                "Textarea-RightCode"
              ]
            },
            {
              "blockName": "aiReasonInput",
              "purpose": "AI hallucination reason textarea",
              "layoutHint": "Col",
              "keyUI": [
                "Block-FormGroup",
                "Textarea-TextareaDefault"
              ]
            },
            {
              "blockName": "submitArea",
              "purpose": "Submit button and status",
              "layoutHint": "Row",
              "keyUI": [
                "Button-ButtonPrimary",
                "Text-StatusMessage"
              ]
            }
          ],
          "notes": "Form validates max code length against MAX_CODE_LENGTH constant. Wrong code uses colorError styling, correct code uses colorSuccess styling for visual distinction."
        },
      "componentRefs": [],
      "componentBindings": [],
      "publicEvents": [
              {
                "name": "@reportSubmitted",
                "params": [
                  {
                    "name": "success",
                    "type": "BOOL"
                  }
                ],
                "description": "Emitted when bug report is successfully submitted"
              }
            ],
      "publicMethods": [
              {
                "name": "ResetForm",
                "params": [],
                "returns": [],
                "description": "Reset all form fields to initial state",
                "paramUsage": {}
              },
              {
                "name": "UpdateSuggestions",
                "params": [
                  {
                    "name": "suggestions",
                    "type": "[{name:STRING,superType:STRING,usageCount:INT}]",
                    "required": true
                  }
                ],
                "returns": [],
                "description": "Update autocomplete suggestions dropdown",
                "paramUsage": {
                    "suggestions": "stored in $errorSuggestions for dropdown display"
                  }
              }
            ],
      "behaviorBoundary": {
              "internalBehaviors": [
                {
                  "trigger": "errorTypeInput.@inputChange",
                  "action": "Fetch autocomplete suggestions",
                  "implementation": "internal",
                  "systemComponent": "FrontendApi",
                  "method": "GetSuggestions",
                  "argSource": "$errorType",
                  "reason": "Autocomplete is contained within form section"
                },
                {
                  "trigger": "submitButton.@click",
                  "action": "Submit bug report via service",
                  "implementation": "internal",
                  "systemComponent": "FrontendApi",
                  "method": "SubmitReport",
                  "argSource": "form fields",
                  "reason": "Form submission is self-contained, only emits success event"
                }
              ],
              "emittedBehaviors": [
                {
                  "trigger": "successful submission",
                  "event": "@reportSubmitted",
                  "params": [
                    {
                      "name": "success",
                      "type": "BOOL"
                    }
                  ],
                  "purpose": "Notify App/Dashboard to refresh statistics",
                  "handledBy": "App (calls DashboardSection.RefreshStats)"
                }
              ],
              "boundaryRule": "Form handles its own input, validation, and submission internally; only emits success event for cross-section refresh"
            },
      "initBehavior": {
              "callOnInit": null,
              "notes": "No initial data load; form starts empty"
            },
      "wiringRefs": [
              "IX003",
              "IX004"
            ]
    },
    {
      "sectionId": "DashboardSection",
      "fileName": "DashboardSection.sc",
      "filePath": "Sections/DashboardSection.sc",
      "sectionType": "main",
      "description": "Analytics dashboard with chart visualization showing Syntax vs Logic vs Architecture error ratios, trend analysis for common AI errors, and summary statistics",
      "mergedFeatures": [
        "charts",
        "statistics",
        "trendAnalysis"
      ],
      "previewSize": {
        "width": "100%",
        "minHeight": "500px"
      },
      "publicProps": [],
      "keyStates": [
          {
            "name": "$chartData",
            "type": "{syntax:INT,logic:INT,architecture:INT,total:INT}",
            "description": "Aggregated error type ratios for chart",
            "initialValue": "{syntax:0,logic:0,architecture:0,total:0}",
            "ownedBy": "Section",
            "populatedBy": "AnalyseTrends",
            "valueDomainRefs": [
              "ErrorSuperType"
            ]
          },
          {
            "name": "$trendData",
            "type": "[{name:STRING,superType:STRING,usageCount:INT}]",
            "description": "Top error categories for trend display",
            "initialValue": "[]",
            "ownedBy": "Section",
            "populatedBy": "AnalyseTrends"
          },
          {
            "name": "$totalBugs",
            "type": "INT",
            "description": "Total bug count",
            "initialValue": "0",
            "ownedBy": "Section",
            "populatedBy": "AnalyseTrends"
          },
          {
            "name": "$isLoading",
            "type": "BOOL",
            "description": "Loading state for dashboard",
            "initialValue": "true",
            "ownedBy": "Section",
            "populatedBy": "internal"
          }
        ],
      "servicesUsed": [
          {
            "wiringRef": "IX005",
            "serviceName": "BugTrackerService.AnalyseTrends",
            "purpose": "Aggregate error statistics for dashboard visualization",
            "inputMapping": {},
            "outputMapping": {
                "chartData": "$chartData",
                "trendData": "$trendData",
                "totalBugs": "$totalBugs"
              }
          }
        ],
      "internalStructure": {
          "blocks": [
            {
              "blockName": "statsCards",
              "purpose": "Summary statistics cards",
              "layoutHint": "Row",
              "keyUI": [
                "Block-CardDefault",
                "Text-HeadingXL",
                "Text-Label"
              ]
            },
            {
              "blockName": "pieChart",
              "purpose": "Error type ratio pie chart",
              "layoutHint": "Col",
              "keyUI": [
                "Block-CardDefault",
                "Chart-Pie"
              ]
            },
            {
              "blockName": "trendList",
              "purpose": "Top error categories trend list",
              "layoutHint": "Col",
              "keyUI": [
                "Block-CardDefault",
                "For-TrendItems",
                "Block-ListItem"
              ]
            }
          ],
          "notes": "Charts use ErrorSuperType values (syntax, logic, architecture) for grouping"
        },
      "componentRefs": [],
      "componentBindings": [],
      "publicEvents": [],
      "publicMethods": [
                {
                  "name": "LoadDashboardData",
                  "params": [],
                  "returns": [
                      {
                        "name": "success",
                        "type": "BOOL"
                      }
                    ],
                  "description": "Load dashboard statistics and trend data",
                  "paramUsage": {}
                },
                {
                  "name": "RefreshStats",
                  "params": [],
                  "returns": [
                      {
                        "name": "success",
                        "type": "BOOL"
                      }
                    ],
                  "description": "Refresh dashboard data after new bug submission",
                  "paramUsage": {}
                },
                {
                  "name": "RenderCharts",
                  "params": [
                    {
                      "name": "chartData",
                      "type": "{syntax:INT,logic:INT,architecture:INT,total:INT}",
                      "required": true
                    },
                    {
                      "name": "trendData",
                      "type": "[{name:STRING,superType:STRING,usageCount:INT}]",
                      "required": true
                    }
                  ],
                  "returns": [],
                  "description": "Render charts with provided data",
                  "paramUsage": {
                      "chartData": "used for pie chart rendering",
                      "trendData": "used for trend list rendering"
                    }
                }
              ],
      "behaviorBoundary": {
                "internalBehaviors": [
                  {
                    "trigger": "@mount",
                    "action": "Load dashboard data via AnalyseTrends service",
                    "implementation": "internal",
                    "systemComponent": "FrontendApi",
                    "method": "AnalyseTrends",
                    "argSource": "none",
                    "reason": "Dashboard data loading is self-contained"
                  }
                ],
                "emittedBehaviors": [],
                "boundaryRule": "Dashboard is a display-only section; loads its own data internally, no events emitted"
              },
      "initBehavior": {
                "callOnInit": "LoadDashboardData",
                "notes": "Section calls LoadDashboardData on @init to populate charts"
              },
      "wiringRefs": [
                "IX005"
              ]
    },
    {
      "sectionId": "BugListSection",
      "fileName": "BugListSection.sc",
      "filePath": "Sections/BugListSection.sc",
      "sectionType": "main",
      "description": "Scrollable list of bug reports with filter/search capabilities, displaying BugCard components with color-coded wrong/correct code diff, pagination support",
      "mergedFeatures": [
        "filter",
        "search",
        "list",
        "pagination"
      ],
      "previewSize": {
        "width": "100%",
        "minHeight": "600px"
      },
      "publicProps": [],
      "keyStates": [
          {
            "name": "$bugList",
            "type": "[{_id:INT,id:STRING,sourceFile:STRING,errorType:STRING,wrongCode:STRING,rightCode:STRING,aiReason:STRING,timestamp:TIMESTAMP,createdBy:STRING}]",
            "description": "List of bug reports",
            "initialValue": "[]",
            "ownedBy": "Section",
            "populatedBy": "GetBugLogs"
          },
          {
            "name": "$currentFilters",
            "type": "{errorType:STRING,sourceFile:STRING,dateFrom:TIMESTAMP,dateTo:TIMESTAMP,searchText:STRING}",
            "description": "Current active filter state",
            "initialValue": "{errorType:null,sourceFile:null,dateFrom:null,dateTo:null,searchText:null}",
            "ownedBy": "Section",
            "populatedBy": "userInput",
            "valueDomainRefs": [
              "ErrorCategory",
              "SourceFileType"
            ]
          },
          {
            "name": "$currentPage",
            "type": "INT",
            "description": "Current pagination page number",
            "initialValue": "1",
            "ownedBy": "Section",
            "populatedBy": "userInput"
          },
          {
            "name": "$totalCount",
            "type": "INT",
            "description": "Total count of filtered results",
            "initialValue": "0",
            "ownedBy": "Section",
            "populatedBy": "GetBugLogs"
          },
          {
            "name": "$pageSize",
            "type": "INT",
            "description": "Items per page",
            "initialValue": "20",
            "ownedBy": "Section",
            "populatedBy": "static",
            "constantRef": "DEFAULT_PAGE_SIZE"
          },
          {
            "name": "$isLoading",
            "type": "BOOL",
            "description": "Loading state for list",
            "initialValue": "true",
            "ownedBy": "Section",
            "populatedBy": "internal"
          }
        ],
      "servicesUsed": [
          {
            "wiringRef": "IX006",
            "serviceName": "BugTrackerService.GetBugLogs",
            "purpose": "Fetch filtered and paginated bug reports",
            "inputMapping": {
              "errorType": "$currentFilters.errorType",
              "sourceFile": "$currentFilters.sourceFile",
              "dateFrom": "$currentFilters.dateFrom",
              "dateTo": "$currentFilters.dateTo",
              "searchText": "$currentFilters.searchText",
              "pageNum": "$currentPage",
              "pageSize": "$pageSize"
            },
            "outputMapping": {
              "data": "$bugList",
              "total": "$totalCount"
            }
          }
        ],
      "internalStructure": {
          "blocks": [
            {
              "blockName": "filterBar",
              "purpose": "Filter controls for error type, source file, date range, search",
              "layoutHint": "Row",
              "keyUI": [
                "Select-ErrorType",
                "Input-SourceFile",
                "DatePicker-DateRange",
                "Input-SearchText",
                "Button-Search",
                "Button-Reset"
              ]
            },
            {
              "blockName": "bugList",
              "purpose": "Scrollable list of bug cards",
              "layoutHint": "Col",
              "keyUI": [
                "For-BugCards",
                "Component-BugCard"
              ]
            },
            {
              "blockName": "pagination",
              "purpose": "Pagination controls",
              "layoutHint": "Row",
              "keyUI": [
                "Block-PaginationContainer",
                "Block-PaginationItem"
              ]
            }
          ],
          "notes": "Filter dropdown for errorType uses ErrorCategory enum values. Merged filter and list features per Section Split Gate rule."
        },
      "componentRefs": [
          {
            "componentId": "BugCard",
            "instanceId": "bugCard",
            "usage": "loop",
            "location": "bugList"
          }
        ],
      "componentBindings": [
          {
            "componentRef": {
              "componentId": "BugCard",
              "instanceId": "bugCard"
            },
            "propsBinding": {
              "bug": "_item0",
              "loading": "$isLoading"
            },
            "eventBindings": [
              {
                "event": "@cardClick",
                "eventParams": [
                  {
                    "name": "bugId",
                    "type": "STRING"
                  }
                ],
                "handlerName": "HandleCardClick",
                "whatItDoes": "emit @bugSelect with bugId to App"
              }
            ],
            "wiringRef": "internal"
          }
        ],
      "publicEvents": [
          {
            "name": "@bugSelect",
            "params": [
              {
                "name": "bugId",
                "type": "STRING"
              }
            ],
            "description": "Emitted when a bug card is clicked for detail view"
          }
        ],
      "publicMethods": [
          {
            "name": "LoadInitialData",
            "params": [],
            "returns": [
                {
                  "name": "success",
                  "type": "BOOL"
                }
              ],
            "description": "Load initial bug list with default filters",
            "paramUsage": {}
          },
          {
            "name": "RefreshList",
            "params": [],
            "returns": [
                {
                  "name": "success",
                  "type": "BOOL"
                }
              ],
            "description": "Refresh bug list with current filters (called after delete)",
            "paramUsage": {}
          },
          {
            "name": "RenderList",
            "params": [
              {
                "name": "bugs",
                "type": "[{_id:INT,id:STRING,sourceFile:STRING,errorType:STRING,wrongCode:STRING,rightCode:STRING,aiReason:STRING,timestamp:TIMESTAMP,createdBy:STRING}]",
                "required": true
              },
              {
                "name": "total",
                "type": "INT",
                "required": false
              }
            ],
            "returns": [],
            "description": "Render bug list with provided data",
            "paramUsage": {
                "bugs": "stored in $bugList for display",
                "total": "stored in $totalCount for pagination"
              }
          }
        ],
      "behaviorBoundary": {
          "internalBehaviors": [
            {
              "trigger": "filterControls.@change",
              "action": "Update $currentFilters and reload list",
              "implementation": "internal",
              "systemComponent": "FrontendApi",
              "method": "GetBugLogs",
              "argSource": "$currentFilters",
              "reason": "Filter and list are merged in same section per Section Split Gate rule"
            },
            {
              "trigger": "pagination.@pageChange",
              "action": "Update $currentPage and reload list",
              "implementation": "internal",
              "systemComponent": "FrontendApi",
              "method": "GetBugLogs",
              "argSource": "$currentPage",
              "reason": "Pagination is internal to list section"
            }
          ],
          "emittedBehaviors": [
            {
              "trigger": "bugCard.@click",
              "event": "@bugSelect",
              "params": [
                {
                  "name": "bugId",
                  "type": "STRING"
                }
              ],
              "purpose": "Notify App to navigate to bug detail view",
              "handledBy": "App (sets $selectedBugId, $activeRoute)"
            }
          ],
          "boundaryRule": "Filter, search, pagination are internal; only bug selection is emitted to App for navigation"
        },
      "initBehavior": {
          "callOnInit": "LoadInitialData",
          "notes": "Section calls LoadInitialData on @init to load first page of bugs"
        },
      "wiringRefs": [
          "IX006",
          "IX007",
          "IX008"
        ]
    },
    {
      "sectionId": "BugDetailSection",
      "fileName": "BugDetailSection.sc",
      "filePath": "Sections/BugDetailSection.sc",
      "sectionType": "main",
      "description": "Detailed view of a single bug report showing full code diff with colorError for wrong statement and colorSuccess for correct statement, AI reason, metadata, and edit/delete actions",
      "mergedFeatures": [
        "detail",
        "codeDiff",
        "actions"
      ],
      "previewSize": {
        "width": "100%",
        "minHeight": "500px"
      },
      "publicProps": [
        {
          "name": "bugId",
          "type": "STRING",
          "required": true,
          "description": "ID of the bug to display"
        }
      ],
      "keyStates": [
        {
          "name": "$bugDetail",
          "type": "{_id:INT,id:STRING,sourceFile:STRING,errorType:STRING,wrongCode:STRING,rightCode:STRING,aiReason:STRING,timestamp:TIMESTAMP,createdBy:STRING,categorySuperType:STRING}",
          "description": "Bug detail data",
          "initialValue": "{}",
          "ownedBy": "Section",
          "populatedBy": "GetBugDetail"
        },
        {
          "name": "$isLoading",
          "type": "BOOL",
          "description": "Loading state",
          "initialValue": "true",
          "ownedBy": "Section",
          "populatedBy": "internal"
        },
        {
          "name": "$showDeleteConfirm",
          "type": "BOOL",
          "description": "Delete confirmation dialog visibility",
          "initialValue": "false",
          "ownedBy": "Section",
          "populatedBy": "internal"
        }
      ],
      "servicesUsed": [
        {
          "wiringRef": "IX008",
          "serviceName": "BugTrackerService.GetBugDetail",
          "purpose": "Fetch single bug report details",
          "inputMapping": {
            "bugId": "props.bugId"
          },
          "outputMapping": {
            "data": "$bugDetail"
          }
        },
        {
          "wiringRef": "IX009",
          "serviceName": "BugTrackerService.DeleteBugLog",
          "purpose": "Delete the bug report",
          "inputMapping": {
            "bugId": "$bugDetail.id"
          },
          "outputMapping": {
            "success": "emitEvent"
          }
        }
      ],
      "internalStructure": {
        "blocks": [
          {
            "blockName": "headerBar",
            "purpose": "Back button and title",
            "layoutHint": "Row",
            "keyUI": [
              "Button-ButtonText",
              "Text-HeadingLarge"
            ]
          },
          {
            "blockName": "metadataCard",
            "purpose": "Bug metadata (source file, error type, timestamp, author)",
            "layoutHint": "Col",
            "keyUI": [
              "Block-CardDefault",
              "Text-Label",
              "Text-TextPrimary",
              "Tag-ErrorType"
            ]
          },
          {
            "blockName": "codeDiffArea",
            "purpose": "Side-by-side code diff with color coding",
            "layoutHint": "Row",
            "keyUI": [
              "Block-GridCol2",
              "Block-CodeWrong",
              "Block-CodeRight"
            ]
          },
          {
            "blockName": "aiReasonArea",
            "purpose": "AI hallucination reason display",
            "layoutHint": "Col",
            "keyUI": [
              "Block-CardDefault",
              "Text-HeadingSmall",
              "Text-TextPrimary"
            ]
          },
          {
            "blockName": "actionBar",
            "purpose": "Edit and delete buttons",
            "layoutHint": "Row",
            "keyUI": [
              "Button-ButtonSecondary",
              "Button-ButtonDanger"
            ]
          }
        ],
        "notes": "Wrong code block uses colorError background, correct code uses colorSuccess background for visual diff"
      },
      "componentRefs": [],
      "componentBindings": [],
      "publicEvents": [
            {
              "name": "@backToList",
              "params": [],
              "description": "Emitted when back button is clicked"
            },
            {
              "name": "@bugDeleted",
              "params": [
                {
                  "name": "bugId",
                  "type": "STRING"
                }
              ],
              "description": "Emitted when bug is successfully deleted"
            }
          ],
      "publicMethods": [
            {
              "name": "LoadBugDetail",
              "params": [
                {
                  "name": "bugId",
                  "type": "STRING",
                  "required": true
                }
              ],
              "returns": [
                {
                  "name": "success",
                  "type": "BOOL"
                }
              ],
              "description": "Load bug detail by ID",
              "paramUsage": {
                "bugId": "passed to GetBugDetail service"
              }
            }
          ],
      "behaviorBoundary": {
            "internalBehaviors": [
              {
                "trigger": "deleteButton.@click",
                "action": "Show delete confirmation dialog",
                "implementation": "internal",
                "systemComponent": "SysUI",
                "method": "showModal",
                "argSource": "$showDeleteConfirm",
                "reason": "Confirmation is internal UI state"
              },
              {
                "trigger": "confirmDelete.@confirm",
                "action": "Call DeleteBugLog service",
                "implementation": "internal",
                "systemComponent": "FrontendApi",
                "method": "DeleteBugLog",
                "argSource": "$bugDetail.id",
                "reason": "Delete action is internal, emits result to App"
              }
            ],
            "emittedBehaviors": [
              {
                "trigger": "backButton.@click",
                "event": "@backToList",
                "params": [],
                "purpose": "Notify App to return to bug history",
                "handledBy": "App (sets $activeRoute to /history)"
              },
              {
                "trigger": "successful deletion",
                "event": "@bugDeleted",
                "params": [
                  {
                    "name": "bugId",
                    "type": "STRING"
                  }
                ],
                "purpose": "Notify App to navigate back and refresh list",
                "handledBy": "App (sets $activeRoute, calls BugListSection.RefreshList)"
              }
            ],
            "boundaryRule": "Detail loading and delete confirmation are internal; navigation and post-delete refresh are emitted to App"
          },
      "initBehavior": {
            "callOnInit": "LoadBugDetail",
            "notes": "Section calls LoadBugDetail with props.bugId when mounted or bugId changes"
          },
      "wiringRefs": [
            "IX008",
            "IX009",
            "IX010"
          ]
    },
    {
      "sectionId": "ConfirmDeleteModal",
      "fileName": "ConfirmDeleteModal.sc",
      "filePath": "Sections/ConfirmDeleteModal.sc",
      "sectionType": "modal",
      "description": "Confirmation dialog for bug report deletion with cancel and confirm actions",
      "mergedFeatures": [
        "confirmation",
        "modal"
      ],
      "previewSize": {
        "width": "400px",
        "minHeight": "200px"
      },
      "publicProps": [
        {
          "name": "bugId",
          "type": "STRING",
          "required": true,
          "description": "ID of bug to delete"
        },
        {
          "name": "bugTitle",
          "type": "STRING",
          "required": false,
          "description": "Bug title for display in confirmation message"
        }
      ],
      "keyStates": [
        {
          "name": "$isDeleting",
          "type": "BOOL",
          "description": "Delete in progress state",
          "initialValue": "false",
          "ownedBy": "Section",
          "populatedBy": "internal"
        }
      ],
      "servicesUsed": [],
      "internalStructure": {
          "blocks": [
            {
              "blockName": "modalHeader",
              "purpose": "Modal title",
              "layoutHint": "Row",
              "keyUI": [
                "Text-HeadingMedium"
              ]
            },
            {
              "blockName": "modalBody",
              "purpose": "Confirmation message",
              "layoutHint": "Col",
              "keyUI": [
                "Text-TextPrimary",
                "Block-AlertWarning"
              ]
            },
            {
              "blockName": "modalFooter",
              "purpose": "Cancel and confirm buttons",
              "layoutHint": "Row",
              "keyUI": [
                "Button-ButtonSecondary",
                "Button-ButtonDanger"
              ]
            }
          ],
          "notes": "Modal is controlled by parent via showVar prop binding"
        },
      "componentRefs": [],
      "componentBindings": [],
      "publicEvents": [
              {
                "name": "@cancel",
                "params": [],
                "description": "Emitted when cancel button is clicked"
              },
              {
                "name": "@confirm",
                "params": [
                  {
                    "name": "bugId",
                    "type": "STRING"
                  }
                ],
                "description": "Emitted when confirm delete button is clicked"
              }
            ],
      "publicMethods": [],
      "behaviorBoundary": {
                "internalBehaviors": [],
                "emittedBehaviors": [
                    {
                      "trigger": "cancelButton.@click",
                      "event": "@cancel",
                      "params": [],
                      "purpose": "Close modal without action",
                      "handledBy": "Parent (BugDetailSection)"
                    },
                    {
                      "trigger": "confirmButton.@click",
                      "event": "@confirm",
                      "params": [
                        {
                          "name": "bugId",
                          "type": "STRING"
                        }
                      ],
                      "purpose": "Confirm deletion and proceed",
                      "handledBy": "Parent (BugDetailSection calls delete service)"
                    }
                  ],
                "boundaryRule": "Modal is pure UI; emits user decision, parent handles actual delete"
              },
      "initBehavior": {
                "callOnInit": null,
                "notes": "No initial data load; modal displays based on props"
              },
      "wiringRefs": [
                "IX009"
              ]
    }
  ],
  "components": [
    {
      "componentId": "BugCard",
      "fileName": "BugCard.cp",
      "filePath": "ExtComponents/BugCard.cp",
      "description": "Reusable card component displaying bug summary with source file, error type tag, code diff preview (wrong in red, correct in green), and timestamp",
      "reusedIn": [
        "BugListSection"
      ],
      "previewSize": {
        "width": "100%",
        "height": "180px"
      },
      "publicProps": [
        {
          "name": "bug",
          "type": "{_id:INT,id:STRING,sourceFile:STRING,errorType:STRING,wrongCode:STRING,rightCode:STRING,aiReason:STRING,timestamp:TIMESTAMP,createdBy:STRING}",
          "required": true,
          "description": "Bug object to display"
        },
        {
          "name": "loading",
          "type": "BOOL",
          "required": false,
          "default": "false",
          "description": "Show loading skeleton state"
        }
      ],
      "publicEvents": [
        {
          "name": "@cardClick",
          "params": [
            {
              "name": "bugId",
              "type": "STRING"
            }
          ],
          "description": "Emitted when card is clicked"
        }
      ],
      "publicMethods": [],
      "internalStructure": {
          "elements": [
            "Card container",
            "Source file label",
            "Error type tag (colored by superType)",
            "Code preview row (wrong/correct truncated)",
            "Timestamp footer"
          ],
          "layoutHint": "Col",
          "notes": "Wrong code preview uses colorError text, correct code uses colorSuccess text. Card is hoverable with elevation change on hover."
        }
    }
  ]
}