{
  "projectName": "FactoryFlow",
  "projectDescription": "FactoryFlow is an industrial Manufacturing Execution System (MES) that monitors real-time sensor telemetry data including Heat and Pressure readings. The system features automated emergency shutdown capabilities when critical thresholds are exceeded, real-time data visualization in a Control Room dashboard, and maintenance team notification workflows.",
  "deviceTarget": "PC",
  "screenResolution": "1920x1080",
  "apps": [
    {
      "appId": "FactoryFlowApp",
      "appDescription": "Industrial MES application for monitoring sensor telemetry, managing machine status, and providing real-time control room visualization with automated emergency response capabilities.",
      "targetUsers": [
        "Operator",
        "MaintenanceEngineer",
        "SystemAdmin"
      ]
    }
  ],
  "userRoles": [
    {
      "roleId": "Operator",
      "roleName": "Control Room Operator",
      "description": "Monitors real-time sensor data in the Control Room, observes machine status, and responds to alerts.",
      "permissions": [
        "viewSensorData",
        "viewMachineStatus",
        "viewAlerts",
        "acknowledgeAlerts"
      ]
    },
    {
      "roleId": "MaintenanceEngineer",
      "roleName": "Maintenance Engineer",
      "description": "Receives emergency notifications, performs machine maintenance, and updates machine status after repairs.",
      "permissions": [
        "viewSensorData",
        "viewMachineStatus",
        "viewAlerts",
        "updateMachineStatus",
        "receiveNotifications"
      ]
    },
    {
      "roleId": "SystemAdmin",
      "roleName": "System Administrator",
      "description": "Configures system thresholds, manages users, and oversees all MES operations.",
      "permissions": [
        "viewSensorData",
        "viewMachineStatus",
        "viewAlerts",
        "updateMachineStatus",
        "configureThresholds",
        "manageUsers",
        "triggerEmergencyShutdown"
      ]
    }
  ],
  "userJourneys": [
    {
      "journeyId": "MonitorSensorData",
      "roleId": "Operator",
      "journeyName": "Monitor Real-Time Sensor Data",
      "description": "Operator monitors Heat and Pressure telemetry data in real-time through the Control Room dashboard with auto-refreshing charts.",
      "precondition": "User is logged in as Operator",
      "steps": [
        {
          "stepId": "Step001",
          "action": "Navigate to Control Room page",
          "expectedResult": "Control Room dashboard loads with real-time sensor charts",
          "relatedPageId": "ControlRoomPage",
          "relatedSectionIds": [
            "HeaderSection",
            "SensorChartSection"
          ]
        },
        {
          "stepId": "Step002",
          "action": "View Heat and Pressure telemetry charts",
          "expectedResult": "Charts display current sensor readings with 1-second auto-refresh",
          "relatedPageId": "ControlRoomPage",
          "relatedSectionIds": [
            "SensorChartSection"
          ]
        },
        {
          "stepId": "Step003",
          "action": "Monitor machine status indicators",
          "expectedResult": "Machine status panel shows current operational state of all machines",
          "relatedPageId": "ControlRoomPage",
          "relatedSectionIds": [
            "MachineStatusSection"
          ]
        }
      ]
    },
    {
      "journeyId": "EmergencyShutdownFlow",
      "roleId": "MaintenanceEngineer",
      "journeyName": "Emergency Shutdown Response",
      "description": "System automatically triggers emergency shutdown when Heat exceeds 100, updates machine status, and notifies maintenance team.",
      "precondition": "Sensor data is being received and Heat threshold is exceeded",
      "steps": [
        {
          "stepId": "Step001",
          "action": "System detects Heat > 100 from MQ-SensorData",
          "expectedResult": "Emergency shutdown service is automatically triggered",
          "relatedPageId": "ControlRoomPage",
          "relatedSectionIds": [
            "AlertSection"
          ]
        },
        {
          "stepId": "Step002",
          "action": "System updates MachineStatus to shutdown state",
          "expectedResult": "Machine status is updated in database and reflected on dashboard",
          "relatedPageId": "ControlRoomPage",
          "relatedSectionIds": [
            "MachineStatusSection"
          ]
        },
        {
          "stepId": "Step003",
          "action": "Maintenance Engineer receives notification",
          "expectedResult": "Notification is sent and displayed to maintenance team",
          "relatedPageId": "ControlRoomPage",
          "relatedSectionIds": [
            "AlertSection",
            "NotificationSection"
          ]
        },
        {
          "stepId": "Step004",
          "action": "Maintenance Engineer acknowledges alert and views details",
          "expectedResult": "Alert details are displayed with affected machine information",
          "relatedPageId": "ControlRoomPage",
          "relatedSectionIds": [
            "AlertSection"
          ]
        }
      ]
    },
    {
      "journeyId": "ViewMachineStatus",
      "roleId": "SystemAdmin",
      "journeyName": "View and Manage Machine Status",
      "description": "System Admin views all machine statuses and can manually update status after maintenance.",
      "precondition": "User is logged in as System Admin",
      "steps": [
        {
          "stepId": "Step001",
          "action": "Navigate to Control Room page",
          "expectedResult": "Control Room loads with full admin access",
          "relatedPageId": "ControlRoomPage",
          "relatedSectionIds": [
            "HeaderSection"
          ]
        },
        {
          "stepId": "Step002",
          "action": "View machine status panel",
          "expectedResult": "All machines and their current status are displayed",
          "relatedPageId": "ControlRoomPage",
          "relatedSectionIds": [
            "MachineStatusSection"
          ]
        },
        {
          "stepId": "Step003",
          "action": "Update machine status after maintenance",
          "expectedResult": "Machine status is updated and saved to database",
          "relatedPageId": "ControlRoomPage",
          "relatedSectionIds": [
            "MachineStatusSection"
          ]
        }
      ]
    }
  ],
  "features": [
    {
      "featureId": "SensorDataMonitoring",
      "description": "Real-time monitoring of Heat and Pressure sensor telemetry data received via MQ-SensorData message queue, displayed in auto-refreshing charts with 1-second intervals.",
      "relatedJourneys": [
        "MonitorSensorData"
      ],
      "dataEntities": [
        {
          "entity": "SensorData",
          "fields": [
            {
              "name": "id",
              "type": "STRING",
              "description": "Unique identifier for sensor reading",
              "constraints": [
                "notNull",
                "unique"
              ]
            },
            {
              "name": "machineId",
              "type": "STRING",
              "description": "Reference to the machine generating the data",
              "constraints": [
                "notNull"
              ]
            },
            {
              "name": "heat",
              "type": "FLOAT",
              "description": "Temperature reading in degrees",
              "constraints": [
                "notNull"
              ]
            },
            {
              "name": "pressure",
              "type": "FLOAT",
              "description": "Pressure reading in PSI",
              "constraints": [
                "notNull"
              ]
            },
            {
              "name": "timestamp",
              "type": "TIMESTAMP",
              "description": "Time when the reading was recorded",
              "constraints": [
                "notNull"
              ]
            },
            {
              "name": "isProcessed",
              "type": "BOOL",
              "description": "Whether the reading has been processed by the system",
              "constraints": [
                "default:false"
              ]
            }
          ]
        }
      ],
      "uiPages": [
        {
          "pageId": "ControlRoomPage",
          "route": "/control-room",
          "title": "Control Room",
          "sections": [
            {
              "sectionId": "HeaderSection",
              "description": "Top navigation bar with system title, user info, and quick access to notifications and settings.",
              "sectionType": "header"
            },
            {
              "sectionId": "SensorChartSection",
              "description": "Main visualization area displaying real-time Heat and Pressure charts with 1-second auto-refresh using Trigger. Shows line charts for telemetry trends and current values.",
              "sectionType": "main"
            },
            {
              "sectionId": "MachineStatusSection",
              "description": "Panel displaying current operational status of all monitored machines, including running, idle, shutdown, and maintenance states.",
              "sectionType": "panel"
            },
            {
              "sectionId": "AlertSection",
              "description": "Alert notification area showing active alarms, emergency shutdown events, and threshold violations with severity indicators.",
              "sectionType": "panel"
            },
            {
              "sectionId": "NotificationSection",
              "description": "Notification center for maintenance team communications and system messages.",
              "sectionType": "panel"
            }
          ]
        }
      ],
      "userStories": [
        {
          "id": "US-001",
          "description": "As an Operator, I want to view real-time Heat and Pressure sensor data in charts so that I can monitor machine conditions.",
          "acceptanceCriteria": [
            "Charts display Heat and Pressure values",
            "Data refreshes automatically every 1 second",
            "Historical trend is visible on the chart"
          ]
        },
        {
          "id": "US-002",
          "description": "As an Operator, I want to see current machine status indicators so that I know which machines are operational.",
          "acceptanceCriteria": [
            "Machine status panel shows all machines",
            "Status indicators use color coding",
            "Status updates in real-time"
          ]
        }
      ],
      "businessLogic": [
        {
          "domain": "SensorDataService",
          "operations": [
            "receiveSensorData",
            "getSensorDataHistory",
            "getCurrentReadings",
            "subscribeSensorUpdates"
          ]
        },
        {
          "domain": "MQSensorData",
          "operations": [
            "handleMessage",
            "parseHeatTelemetry",
            "parsePressureTelemetry",
            "checkThresholds"
          ]
        }
      ]
    },
    {
      "featureId": "EmergencyShutdown",
      "description": "Automated emergency shutdown system that triggers when Heat exceeds 100 degrees. The @message handler detects threshold violation and triggers EmergencyShutdown service which updates MachineStatus and sends notifications to maintenance team.",
      "relatedJourneys": [
        "EmergencyShutdownFlow"
      ],
      "dataEntities": [
        {
          "entity": "MachineStatus",
          "fields": [
            {
              "name": "id",
              "type": "STRING",
              "description": "Unique identifier for machine status record",
              "constraints": [
                "notNull",
                "unique"
              ]
            },
            {
              "name": "machineId",
              "type": "STRING",
              "description": "Reference to the machine",
              "constraints": [
                "notNull",
                "unique"
              ]
            },
            {
              "name": "machineName",
              "type": "STRING",
              "description": "Display name of the machine",
              "constraints": [
                "notNull"
              ]
            },
            {
              "name": "status",
              "type": "STRING",
              "description": "Current status: RUNNING, IDLE, SHUTDOWN, MAINTENANCE",
              "constraints": [
                "notNull",
                "default:IDLE"
              ]
            },
            {
              "name": "lastUpdated",
              "type": "TIMESTAMP",
              "description": "Timestamp of last status update",
              "constraints": [
                "notNull"
              ]
            },
            {
              "name": "shutdownReason",
              "type": "STRING",
              "description": "Reason for shutdown if applicable",
              "constraints": []
            },
            {
              "name": "triggeredBy",
              "type": "STRING",
              "description": "User or system that triggered status change",
              "constraints": []
            }
          ]
        },
        {
          "entity": "EmergencyEvent",
          "fields": [
            {
              "name": "id",
              "type": "STRING",
              "description": "Unique identifier for emergency event",
              "constraints": [
                "notNull",
                "unique"
              ]
            },
            {
              "name": "machineId",
              "type": "STRING",
              "description": "Reference to affected machine",
              "constraints": [
                "notNull"
              ]
            },
            {
              "name": "eventType",
              "type": "STRING",
              "description": "Type of emergency: OVERHEAT, OVERPRESSURE",
              "constraints": [
                "notNull"
              ]
            },
            {
              "name": "triggerValue",
              "type": "FLOAT",
              "description": "Sensor value that triggered the event",
              "constraints": [
                "notNull"
              ]
            },
            {
              "name": "threshold",
              "type": "FLOAT",
              "description": "Threshold value that was exceeded",
              "constraints": [
                "notNull"
              ]
            },
            {
              "name": "timestamp",
              "type": "TIMESTAMP",
              "description": "Time when emergency was triggered",
              "constraints": [
                "notNull"
              ]
            },
            {
              "name": "isResolved",
              "type": "BOOL",
              "description": "Whether the emergency has been resolved",
              "constraints": [
                "default:false"
              ]
            },
            {
              "name": "resolvedAt",
              "type": "TIMESTAMP",
              "description": "Time when emergency was resolved",
              "constraints": []
            },
            {
              "name": "resolvedBy",
              "type": "STRING",
              "description": "User who resolved the emergency",
              "constraints": []
            }
          ]
        },
        {
          "entity": "Notification",
          "fields": [
            {
              "name": "id",
              "type": "STRING",
              "description": "Unique identifier for notification",
              "constraints": [
                "notNull",
                "unique"
              ]
            },
            {
              "name": "recipientRole",
              "type": "STRING",
              "description": "Target role for notification: MaintenanceEngineer",
              "constraints": [
                "notNull"
              ]
            },
            {
              "name": "title",
              "type": "STRING",
              "description": "Notification title",
              "constraints": [
                "notNull"
              ]
            },
            {
              "name": "message",
              "type": "STRING",
              "description": "Notification message content",
              "constraints": [
                "notNull"
              ]
            },
            {
              "name": "severity",
              "type": "STRING",
              "description": "Severity level: INFO, WARNING, CRITICAL",
              "constraints": [
                "notNull"
              ]
            },
            {
              "name": "relatedEventId",
              "type": "STRING",
              "description": "Reference to related emergency event",
              "constraints": []
            },
            {
              "name": "isRead",
              "type": "BOOL",
              "description": "Whether notification has been read",
              "constraints": [
                "default:false"
              ]
            },
            {
              "name": "createdAt",
              "type": "TIMESTAMP",
              "description": "Time when notification was created",
              "constraints": [
                "notNull"
              ]
            }
          ]
        }
      ],
      "uiPages": [],
      "userStories": [
          {
            "id": "US-003",
            "description": "As a System, I want to automatically trigger emergency shutdown when Heat exceeds 100 so that equipment damage is prevented.",
            "acceptanceCriteria": [
              "System detects Heat > 100 from MQ message",
              "EmergencyShutdown service is invoked automatically",
              "MachineStatus is updated to SHUTDOWN",
              "Emergency event is logged"
            ]
          },
          {
            "id": "US-004",
            "description": "As a Maintenance Engineer, I want to receive notifications when emergency shutdown occurs so that I can respond quickly.",
            "acceptanceCriteria": [
              "Notification is sent to maintenance team",
              "Notification includes machine details and trigger reason",
              "Notification is displayed in the Control Room"
            ]
          }
        ],
      "businessLogic": [
          {
            "domain": "EmergencyShutdownService",
            "operations": [
              "triggerShutdown",
              "updateMachineStatus",
              "createEmergencyEvent",
              "sendMaintenanceNotification",
              "resolveEmergency"
            ]
          },
          {
            "domain": "NotificationService",
            "operations": [
              "createNotification",
              "getUnreadNotifications",
              "markAsRead",
              "sendToRole"
            ]
          }
        ]
    },
    {
      "featureId": "MachineManagement",
      "description": "Machine status management functionality allowing viewing and updating of machine operational states including running, idle, shutdown, and maintenance modes.",
      "relatedJourneys": [
        "ViewMachineStatus"
      ],
      "dataEntities": [
        {
          "entity": "Machine",
          "fields": [
            {
              "name": "id",
              "type": "STRING",
              "description": "Unique identifier for machine",
              "constraints": [
                "notNull",
                "unique"
              ]
            },
            {
              "name": "name",
              "type": "STRING",
              "description": "Display name of the machine",
              "constraints": [
                "notNull"
              ]
            },
            {
              "name": "type",
              "type": "STRING",
              "description": "Machine type category",
              "constraints": [
                "notNull"
              ]
            },
            {
              "name": "location",
              "type": "STRING",
              "description": "Physical location of machine in facility",
              "constraints": []
            },
            {
              "name": "heatThreshold",
              "type": "FLOAT",
              "description": "Heat threshold for emergency shutdown",
              "constraints": [
                "default:100"
              ]
            },
            {
              "name": "pressureThreshold",
              "type": "FLOAT",
              "description": "Pressure threshold for emergency shutdown",
              "constraints": []
            },
            {
              "name": "isActive",
              "type": "BOOL",
              "description": "Whether machine is active in the system",
              "constraints": [
                "default:true"
              ]
            },
            {
              "name": "createdAt",
              "type": "TIMESTAMP",
              "description": "Time when machine was registered",
              "constraints": [
                "notNull"
              ]
            }
          ]
        }
      ],
      "uiPages": [],
      "userStories": [
          {
            "id": "US-005",
            "description": "As a System Admin, I want to view all machine statuses so that I can oversee factory operations.",
            "acceptanceCriteria": [
              "All registered machines are displayed",
              "Current status is shown for each machine",
              "Last update time is visible"
            ]
          },
          {
            "id": "US-006",
            "description": "As a Maintenance Engineer, I want to update machine status after completing repairs so that the system reflects current operational state.",
            "acceptanceCriteria": [
              "Status can be changed from SHUTDOWN to RUNNING",
              "Status change is persisted to database",
              "Status update is reflected in real-time on dashboard"
            ]
          }
        ],
      "businessLogic": [
          {
            "domain": "MachineService",
            "operations": [
              "getMachineList",
              "getMachineById",
              "updateMachineStatus",
              "getMachineWithLatestSensorData"
            ]
          }
        ]
    }
  ],
  "themeReference": {
    "themeFile": "Theme/Theme.vth",
    "colorScheme": "dark",
    "designStyle": "企业严谨",
    "additionalNotes": "Industrial MES theme with high contrast for control room visibility. Use status colors prominently: green for running, yellow for idle, red for shutdown/emergency. Charts should use distinct colors for Heat (red/orange) and Pressure (blue) data series. Alert notifications should be highly visible with appropriate severity coloring."
  }
}