{
  "serviceDomains": [
    {
      "domainId": "Sensor",
      "fileName": "Sensor.vs",
      "filePath": "Services/Sensor.vs",
      "description": "传感器数据服务域，负责实时传感器遥测数据的接收、存储和查询",
      "virtualTables": [
        {
          "vtId": "SensorSensorData",
          "sourceTable": "SensorData",
          "description": "传感器数据虚拟表，用于存储和查询Heat和Pressure遥测数据",
          "fields": [
            {
              "name": "_id",
              "type": "INT",
              "readOnly": true,
              "system": true,
              "description": "系统主键"
            },
            {
              "name": "machineId",
              "type": "STRING",
              "sourceField": "machineId",
              "readOnly": false,
              "description": "机器ID引用"
            },
            {
              "name": "heat",
              "type": "FLOAT",
              "sourceField": "heat",
              "readOnly": false,
              "description": "温度读数（摄氏度）"
            },
            {
              "name": "pressure",
              "type": "FLOAT",
              "sourceField": "pressure",
              "readOnly": false,
              "description": "压力读数（PSI）"
            },
            {
              "name": "timestamp",
              "type": "TIMESTAMP",
              "sourceField": "timestamp",
              "readOnly": false,
              "description": "数据采集时间"
            },
            {
              "name": "isProcessed",
              "type": "BOOL",
              "sourceField": "isProcessed",
              "readOnly": false,
              "description": "是否已处理"
            },
            {
              "name": "machineName",
              "type": "STRING",
              "sourceField": "machineId~Machines[_id].name",
              "readOnly": true,
              "description": "机器名称（跨表映射）"
            },
            {
              "name": "createTime",
              "type": "TIMESTAMP",
              "sourceField": "_create",
              "readOnly": true,
              "description": "创建时间"
            }
          ]
        }
      ],
      "services": [
        {
          "serviceId": "Sensor.GetCurrentReadings",
          "description": "获取所有机器的当前最新传感器读数",
          "inputModel": {},
          "outputModel": {
              "success": "BOOL",
              "message": "STRING",
              "data": "[{_id:INT,machineId:STRING,machineName:STRING,heat:FLOAT,pressure:FLOAT,timestamp:TIMESTAMP}]"
            },
          "virtualTablesUsed": [
              "SensorSensorData"
            ],
          "operations": [
              "select"
            ]
        },
        {
          "serviceId": "Sensor.GetSensorDataHistory",
          "description": "获取指定机器的传感器历史数据",
          "inputModel": {
            "machineId": "STRING",
            "startTime?": "TIMESTAMP",
            "endTime?": "TIMESTAMP",
            "limit?": "INT"
          },
          "outputModel": {
            "success": "BOOL",
            "message": "STRING",
            "data": "[{_id:INT,machineId:STRING,heat:FLOAT,pressure:FLOAT,timestamp:TIMESTAMP}]"
          },
          "virtualTablesUsed": [
            "SensorSensorData"
          ],
          "operations": [
            "select"
          ]
        },
        {
          "serviceId": "Sensor.ReceiveSensorData",
          "description": "接收并存储新的传感器遥测数据",
          "inputModel": {
            "machineId": "STRING",
            "heat": "FLOAT",
            "pressure": "FLOAT",
            "timestamp": "TIMESTAMP"
          },
          "outputModel": {
            "success": "BOOL",
            "message": "STRING",
            "data": "{_id:INT}"
          },
          "virtualTablesUsed": [
            "SensorSensorData"
          ],
          "operations": [
            "insert"
          ]
        },
        {
          "serviceId": "Sensor.MarkAsProcessed",
          "description": "标记传感器数据为已处理",
          "inputModel": {
            "sensorDataId": "INT"
          },
          "outputModel": {
            "success": "BOOL",
            "message": "STRING"
          },
          "virtualTablesUsed": [
            "SensorSensorData"
          ],
          "operations": [
            "update"
          ]
        },
        {
          "serviceId": "Sensor.GetLatestByMachine",
          "description": "获取指定机器的最新一条传感器数据",
          "inputModel": {
            "machineId": "STRING"
          },
          "outputModel": {
            "success": "BOOL",
            "message": "STRING",
            "data": "{_id:INT,machineId:STRING,machineName:STRING,heat:FLOAT,pressure:FLOAT,timestamp:TIMESTAMP}"
          },
          "virtualTablesUsed": [
            "SensorSensorData"
          ],
          "operations": [
            "select"
          ]
        }
      ]
    },
    {
      "domainId": "Machine",
      "fileName": "Machine.vs",
      "filePath": "Services/Machine.vs",
      "description": "机器管理服务域，负责机器信息和状态的管理与查询",
      "virtualTables": [
        {
          "vtId": "MachineMachines",
          "sourceTable": "Machines",
          "description": "机器基础信息虚拟表",
          "fields": [
            {
              "name": "_id",
              "type": "INT",
              "readOnly": true,
              "system": true,
              "description": "系统主键"
            },
            {
              "name": "name",
              "type": "STRING",
              "sourceField": "name",
              "readOnly": false,
              "description": "机器名称"
            },
            {
              "name": "type",
              "type": "STRING",
              "sourceField": "type",
              "readOnly": false,
              "description": "机器类型"
            },
            {
              "name": "location",
              "type": "STRING",
              "sourceField": "location",
              "readOnly": false,
              "description": "物理位置"
            },
            {
              "name": "heatThreshold",
              "type": "FLOAT",
              "sourceField": "heatThreshold",
              "readOnly": false,
              "description": "温度阈值"
            },
            {
              "name": "pressureThreshold",
              "type": "FLOAT",
              "sourceField": "pressureThreshold",
              "readOnly": false,
              "description": "压力阈值"
            },
            {
              "name": "isActive",
              "type": "BOOL",
              "sourceField": "isActive",
              "readOnly": false,
              "description": "是否启用"
            },
            {
              "name": "createdAt",
              "type": "TIMESTAMP",
              "sourceField": "createdAt",
              "readOnly": false,
              "description": "注册时间"
            }
          ]
        },
        {
          "vtId": "MachineMachineStatus",
          "sourceTable": "MachineStatus",
          "description": "机器状态虚拟表，用于跟踪机器运行状态",
          "fields": [
            {
              "name": "_id",
              "type": "INT",
              "readOnly": true,
              "system": true,
              "description": "系统主键"
            },
            {
              "name": "machineId",
              "type": "STRING",
              "sourceField": "machineId",
              "readOnly": false,
              "description": "机器ID"
            },
            {
              "name": "machineName",
              "type": "STRING",
              "sourceField": "machineName",
              "readOnly": false,
              "description": "机器名称"
            },
            {
              "name": "status",
              "type": "STRING",
              "sourceField": "status",
              "readOnly": false,
              "description": "当前状态：RUNNING/IDLE/SHUTDOWN/MAINTENANCE"
            },
            {
              "name": "lastUpdated",
              "type": "TIMESTAMP",
              "sourceField": "lastUpdated",
              "readOnly": false,
              "description": "最后更新时间"
            },
            {
              "name": "shutdownReason",
              "type": "STRING",
              "sourceField": "shutdownReason",
              "readOnly": false,
              "description": "停机原因"
            },
            {
              "name": "triggeredBy",
              "type": "STRING",
              "sourceField": "triggeredBy",
              "readOnly": false,
              "description": "操作触发者"
            }
          ]
        }
      ],
      "services": [
        {
          "serviceId": "Machine.GetMachineList",
          "description": "获取所有机器列表及基础信息",
          "inputModel": {
            "isActive?": "BOOL"
          },
          "outputModel": {
            "success": "BOOL",
            "message": "STRING",
            "data": "[{_id:INT,name:STRING,type:STRING,location:STRING,heatThreshold:FLOAT,pressureThreshold:FLOAT,isActive:BOOL}]"
          },
          "virtualTablesUsed": [
            "MachineMachines"
          ],
          "operations": [
            "select"
          ]
        },
        {
          "serviceId": "Machine.GetMachineById",
          "description": "根据ID获取机器详细信息",
          "inputModel": {
            "machineId": "INT"
          },
          "outputModel": {
            "success": "BOOL",
            "message": "STRING",
            "data": "{_id:INT,name:STRING,type:STRING,location:STRING,heatThreshold:FLOAT,pressureThreshold:FLOAT,isActive:BOOL,createdAt:TIMESTAMP}"
          },
          "virtualTablesUsed": [
            "MachineMachines"
          ],
          "operations": [
            "select"
          ]
        },
        {
          "serviceId": "Machine.GetAllMachineStatus",
          "description": "获取所有机器的当前运行状态",
          "inputModel": {},
          "outputModel": {
              "success": "BOOL",
              "message": "STRING",
              "data": "[{_id:INT,machineId:STRING,machineName:STRING,status:STRING,lastUpdated:TIMESTAMP,shutdownReason:STRING}]"
            },
          "virtualTablesUsed": [
              "MachineMachineStatus"
            ],
          "operations": [
              "select"
            ]
        },
        {
          "serviceId": "Machine.GetMachineStatusById",
          "description": "获取指定机器的运行状态",
          "inputModel": {
            "machineId": "STRING"
          },
          "outputModel": {
            "success": "BOOL",
            "message": "STRING",
            "data": "{_id:INT,machineId:STRING,machineName:STRING,status:STRING,lastUpdated:TIMESTAMP,shutdownReason:STRING,triggeredBy:STRING}"
          },
          "virtualTablesUsed": [
            "MachineMachineStatus"
          ],
          "operations": [
            "select"
          ]
        },
        {
          "serviceId": "Machine.UpdateMachineStatus",
          "description": "更新机器运行状态（维修后恢复运行等）",
          "inputModel": {
            "machineId": "STRING",
            "status": "STRING",
            "shutdownReason?": "STRING",
            "triggeredBy": "STRING"
          },
          "outputModel": {
            "success": "BOOL",
            "message": "STRING"
          },
          "virtualTablesUsed": [
            "MachineMachineStatus"
          ],
          "operations": [
            "update"
          ]
        },
        {
          "serviceId": "Machine.UpdateThresholds",
          "description": "更新机器的温度和压力阈值配置",
          "inputModel": {
            "machineId": "INT",
            "heatThreshold?": "FLOAT",
            "pressureThreshold?": "FLOAT"
          },
          "outputModel": {
            "success": "BOOL",
            "message": "STRING"
          },
          "virtualTablesUsed": [
            "MachineMachines"
          ],
          "operations": [
            "update"
          ]
        }
      ]
    },
    {
      "domainId": "Emergency",
      "fileName": "Emergency.vs",
      "filePath": "Services/Emergency.vs",
      "description": "紧急事件服务域，负责紧急停机触发、事件记录和解决流程",
      "virtualTables": [
        {
          "vtId": "EmergencyEmergencyEvents",
          "sourceTable": "EmergencyEvents",
          "description": "紧急事件虚拟表，记录所有紧急停机事件",
          "fields": [
            {
              "name": "_id",
              "type": "INT",
              "readOnly": true,
              "system": true,
              "description": "系统主键"
            },
            {
              "name": "machineId",
              "type": "STRING",
              "sourceField": "machineId",
              "readOnly": false,
              "description": "受影响机器ID"
            },
            {
              "name": "eventType",
              "type": "STRING",
              "sourceField": "eventType",
              "readOnly": false,
              "description": "事件类型：OVERHEAT/OVERPRESSURE"
            },
            {
              "name": "triggerValue",
              "type": "FLOAT",
              "sourceField": "triggerValue",
              "readOnly": false,
              "description": "触发值"
            },
            {
              "name": "threshold",
              "type": "FLOAT",
              "sourceField": "threshold",
              "readOnly": false,
              "description": "阈值"
            },
            {
              "name": "timestamp",
              "type": "TIMESTAMP",
              "sourceField": "timestamp",
              "readOnly": false,
              "description": "事件发生时间"
            },
            {
              "name": "isResolved",
              "type": "BOOL",
              "sourceField": "isResolved",
              "readOnly": false,
              "description": "是否已解决"
            },
            {
              "name": "resolvedAt",
              "type": "TIMESTAMP",
              "sourceField": "resolvedAt",
              "readOnly": false,
              "description": "解决时间"
            },
            {
              "name": "resolvedBy",
              "type": "STRING",
              "sourceField": "resolvedBy",
              "readOnly": false,
              "description": "解决人"
            },
            {
              "name": "machineName",
              "type": "STRING",
              "sourceField": "machineId~MachineStatus[machineId].machineName",
              "readOnly": true,
              "description": "机器名称（跨表映射）"
            }
          ]
        }
      ],
      "services": [
        {
          "serviceId": "Emergency.TriggerShutdown",
          "description": "触发紧急停机，更新机器状态并创建紧急事件记录",
          "inputModel": {
            "machineId": "STRING",
            "eventType": "STRING",
            "triggerValue": "FLOAT",
            "threshold": "FLOAT"
          },
          "outputModel": {
            "success": "BOOL",
            "message": "STRING",
            "data": "{eventId:INT}"
          },
          "virtualTablesUsed": [
            "EmergencyEmergencyEvents"
          ],
          "operations": [
            "insert"
          ]
        },
        {
          "serviceId": "Emergency.GetActiveEmergencies",
          "description": "获取所有未解决的紧急事件列表",
          "inputModel": {},
          "outputModel": {
              "success": "BOOL",
              "message": "STRING",
              "data": "[{_id:INT,machineId:STRING,machineName:STRING,eventType:STRING,triggerValue:FLOAT,threshold:FLOAT,timestamp:TIMESTAMP}]"
            },
          "virtualTablesUsed": [
              "EmergencyEmergencyEvents"
            ],
          "operations": [
              "select"
            ]
        },
        {
          "serviceId": "Emergency.GetEmergencyHistory",
          "description": "获取紧急事件历史记录",
          "inputModel": {
            "machineId?": "STRING",
            "startTime?": "TIMESTAMP",
            "endTime?": "TIMESTAMP"
          },
          "outputModel": {
            "success": "BOOL",
            "message": "STRING",
            "data": "[{_id:INT,machineId:STRING,machineName:STRING,eventType:STRING,triggerValue:FLOAT,threshold:FLOAT,timestamp:TIMESTAMP,isResolved:BOOL,resolvedAt:TIMESTAMP,resolvedBy:STRING}]"
          },
          "virtualTablesUsed": [
            "EmergencyEmergencyEvents"
          ],
          "operations": [
            "select"
          ]
        },
        {
          "serviceId": "Emergency.ResolveEmergency",
          "description": "解决紧急事件，标记为已解决并记录解决信息",
          "inputModel": {
            "eventId": "INT",
            "resolvedBy": "STRING"
          },
          "outputModel": {
            "success": "BOOL",
            "message": "STRING"
          },
          "virtualTablesUsed": [
            "EmergencyEmergencyEvents"
          ],
          "operations": [
            "update"
          ]
        },
        {
          "serviceId": "Emergency.GetEmergencyById",
          "description": "获取指定紧急事件的详细信息",
          "inputModel": {
            "eventId": "INT"
          },
          "outputModel": {
            "success": "BOOL",
            "message": "STRING",
            "data": "{_id:INT,machineId:STRING,machineName:STRING,eventType:STRING,triggerValue:FLOAT,threshold:FLOAT,timestamp:TIMESTAMP,isResolved:BOOL,resolvedAt:TIMESTAMP,resolvedBy:STRING}"
          },
          "virtualTablesUsed": [
            "EmergencyEmergencyEvents"
          ],
          "operations": [
            "select"
          ]
        }
      ]
    },
    {
      "domainId": "Notification",
      "fileName": "Notification.vs",
      "filePath": "Services/Notification.vs",
      "description": "通知服务域，负责维护团队通知的创建、查询和状态管理",
      "virtualTables": [
        {
          "vtId": "NotificationNotifications",
          "sourceTable": "Notifications",
          "description": "通知虚拟表，存储系统通知和告警信息",
          "fields": [
            {
              "name": "_id",
              "type": "INT",
              "readOnly": true,
              "system": true,
              "description": "系统主键"
            },
            {
              "name": "recipientRole",
              "type": "STRING",
              "sourceField": "recipientRole",
              "readOnly": false,
              "description": "接收角色"
            },
            {
              "name": "title",
              "type": "STRING",
              "sourceField": "title",
              "readOnly": false,
              "description": "通知标题"
            },
            {
              "name": "message",
              "type": "STRING",
              "sourceField": "message",
              "readOnly": false,
              "description": "通知内容"
            },
            {
              "name": "severity",
              "type": "STRING",
              "sourceField": "severity",
              "readOnly": false,
              "description": "严重级别：INFO/WARNING/CRITICAL"
            },
            {
              "name": "relatedEventId",
              "type": "STRING",
              "sourceField": "relatedEventId",
              "readOnly": false,
              "description": "关联紧急事件ID"
            },
            {
              "name": "isRead",
              "type": "BOOL",
              "sourceField": "isRead",
              "readOnly": false,
              "description": "是否已读"
            },
            {
              "name": "createdAt",
              "type": "TIMESTAMP",
              "sourceField": "createdAt",
              "readOnly": false,
              "description": "创建时间"
            }
          ]
        }
      ],
      "services": [
        {
          "serviceId": "Notification.CreateNotification",
          "description": "创建新通知发送给指定角色",
          "inputModel": {
            "recipientRole": "STRING",
            "title": "STRING",
            "message": "STRING",
            "severity": "STRING",
            "relatedEventId?": "STRING"
          },
          "outputModel": {
            "success": "BOOL",
            "message": "STRING",
            "data": "{_id:INT}"
          },
          "virtualTablesUsed": [
            "NotificationNotifications"
          ],
          "operations": [
            "insert"
          ]
        },
        {
          "serviceId": "Notification.GetUnreadNotifications",
          "description": "获取指定角色的未读通知列表",
          "inputModel": {
            "recipientRole": "STRING"
          },
          "outputModel": {
            "success": "BOOL",
            "message": "STRING",
            "data": "[{_id:INT,title:STRING,message:STRING,severity:STRING,relatedEventId:STRING,createdAt:TIMESTAMP}]"
          },
          "virtualTablesUsed": [
            "NotificationNotifications"
          ],
          "operations": [
            "select"
          ]
        },
        {
          "serviceId": "Notification.GetAllNotifications",
          "description": "获取指定角色的所有通知列表",
          "inputModel": {
            "recipientRole": "STRING",
            "limit?": "INT"
          },
          "outputModel": {
            "success": "BOOL",
            "message": "STRING",
            "data": "[{_id:INT,title:STRING,message:STRING,severity:STRING,relatedEventId:STRING,isRead:BOOL,createdAt:TIMESTAMP}]"
          },
          "virtualTablesUsed": [
            "NotificationNotifications"
          ],
          "operations": [
            "select"
          ]
        },
        {
          "serviceId": "Notification.MarkAsRead",
          "description": "标记通知为已读",
          "inputModel": {
            "notificationId": "INT"
          },
          "outputModel": {
            "success": "BOOL",
            "message": "STRING"
          },
          "virtualTablesUsed": [
            "NotificationNotifications"
          ],
          "operations": [
            "update"
          ]
        },
        {
          "serviceId": "Notification.MarkAllAsRead",
          "description": "标记指定角色的所有通知为已读",
          "inputModel": {
            "recipientRole": "STRING"
          },
          "outputModel": {
            "success": "BOOL",
            "message": "STRING"
          },
          "virtualTablesUsed": [
            "NotificationNotifications"
          ],
          "operations": [
            "update"
          ]
        },
        {
          "serviceId": "Notification.GetUnreadCount",
          "description": "获取指定角色的未读通知数量",
          "inputModel": {
            "recipientRole": "STRING"
          },
          "outputModel": {
            "success": "BOOL",
            "message": "STRING",
            "data": "{count:INT}"
          },
          "virtualTablesUsed": [
            "NotificationNotifications"
          ],
          "operations": [
            "select"
          ]
        }
      ]
    }
  ]
}