{
  "projectName": "InventoryWebApp",
  "projectDescription": "A basic inventory log web application that supports creating items, adjusting stock (+/-), and viewing current quantities. Features include an Items List page with high-density table UI, an Item Detail page, and integrated Stock Adjustment functionality.",
  "deviceTarget": "PC",
  "screenResolution": "1920x1080",
  "localization": {
    "enabled": "false",
    "supportedLocales": [
      "en"
    ],
    "defaultLocale": "en",
    "fallbackLocale": "en",
    "textStorageStrategy": "key",
    "localeStateVar": "$locale",
    "i18nStrings": {}
  },
  "themeReference": {
    "themeFile": "Theme/Theme-Default.vth",
    "colorScheme": "light",
    "designStyle": "Clean professional inventory management with high-density table UI for efficient data viewing",
    "notes": "Utilize table components with compact spacing for inventory list display. Use status colors for stock level indicators."
  },
  "roles": [
    {
      "roleId": "InventoryUser",
      "roleName": "Inventory User",
      "description": "Standard user who can view inventory, create items, and adjust stock levels",
      "permissions": [
        "viewItems",
        "createItem",
        "editItem",
        "deleteItem",
        "adjustStock",
        "viewStockHistory"
      ]
    }
  ],
  "apps": [
    {
      "appId": "InventoryApp",
      "appDescription": "Main inventory management application for tracking items and stock levels",
      "targetRoleIds": [
        "InventoryUser"
      ],
      "pages": [
        {
          "pageId": "ItemsListPage",
          "route": "/items",
          "title": "Items List",
          "isDefault": true,
          "sections": [
            {
              "sectionId": "ItemsListHeader",
              "sectionType": "header",
              "description": "Page header with title and create new item button",
              "mergedFeatures": []
            },
            {
              "sectionId": "ItemsListMain",
              "sectionType": "main",
              "description": "High-density table displaying all inventory items with search, filter, sort, and pagination. Shows item name, SKU, category, current quantity, and actions.",
              "mergedFeatures": [
                "search",
                "filter",
                "sort",
                "list",
                "pagination"
              ]
            }
          ]
        },
        {
          "pageId": "ItemDetailPage",
          "route": "/items/:itemId",
          "title": "Item Detail",
          "isDefault": false,
          "sections": [
            {
              "sectionId": "ItemDetailHeader",
              "sectionType": "header",
              "description": "Header with item name, back navigation, and edit/delete actions",
              "mergedFeatures": []
            },
            {
              "sectionId": "ItemDetailMain",
              "sectionType": "main",
              "description": "Displays item details including name, SKU, description, category, current quantity, and stock level indicator",
              "mergedFeatures": []
            },
            {
              "sectionId": "StockAdjustmentPanel",
              "sectionType": "panel",
              "description": "Panel for adjusting stock with +/- controls, quantity input, and reason field",
              "mergedFeatures": [
                "form"
              ]
            },
            {
              "sectionId": "StockHistoryPanel",
              "sectionType": "panel",
              "description": "Timeline or list showing stock adjustment history for this item",
              "mergedFeatures": [
                "list",
                "timeline"
              ]
            }
          ]
        },
        {
          "pageId": "CreateItemPage",
          "route": "/items/new",
          "title": "Create Item",
          "isDefault": false,
          "sections": [
            {
              "sectionId": "CreateItemHeader",
              "sectionType": "header",
              "description": "Header with title and cancel button",
              "mergedFeatures": []
            },
            {
              "sectionId": "CreateItemForm",
              "sectionType": "main",
              "description": "Form for creating a new item with fields for name, SKU, description, category, and initial quantity",
              "mergedFeatures": [
                "form"
              ]
            }
          ]
        }
      ]
    }
  ],
  "dataModel": {
    "entities": [
      {
        "entityId": "Item",
        "description": "Inventory item entity representing a product or material in stock",
        "fields": [
          {
            "name": "id",
            "type": "STRING",
            "description": "Unique identifier for the item",
            "constraints": [
              "notNull",
              "unique"
            ]
          },
          {
            "name": "name",
            "type": "STRING",
            "description": "Name of the inventory item",
            "constraints": [
              "notNull"
            ]
          },
          {
            "name": "sku",
            "type": "STRING",
            "description": "Stock Keeping Unit code",
            "constraints": [
              "unique"
            ]
          },
          {
            "name": "description",
            "type": "STRING",
            "description": "Detailed description of the item",
            "constraints": []
          },
          {
            "name": "category",
            "type": "STRING",
            "description": "Category classification of the item",
            "constraints": []
          },
          {
            "name": "currentQuantity",
            "type": "INT",
            "description": "Current stock quantity",
            "constraints": [
              "notNull",
              "default:0"
            ]
          },
          {
            "name": "minQuantity",
            "type": "INT",
            "description": "Minimum stock threshold for low stock warning",
            "constraints": [
              "default:0"
            ]
          },
          {
            "name": "unit",
            "type": "STRING",
            "description": "Unit of measurement (pcs, kg, etc.)",
            "constraints": [
              "default:pcs"
            ]
          },
          {
            "name": "createdAt",
            "type": "TIMESTAMP",
            "description": "Timestamp when item was created",
            "constraints": [
              "notNull"
            ]
          },
          {
            "name": "updatedAt",
            "type": "TIMESTAMP",
            "description": "Timestamp when item was last updated",
            "constraints": [
              "notNull"
            ]
          }
        ]
      },
      {
        "entityId": "StockAdjustment",
        "description": "Record of stock level changes for an item",
        "fields": [
          {
            "name": "id",
            "type": "STRING",
            "description": "Unique identifier for the adjustment",
            "constraints": [
              "notNull",
              "unique"
            ]
          },
          {
            "name": "itemId",
            "type": "STRING",
            "description": "Reference to the item being adjusted",
            "constraints": [
              "notNull"
            ]
          },
          {
            "name": "adjustmentType",
            "type": "STRING",
            "description": "Type of adjustment: increase or decrease",
            "constraints": [
              "notNull"
            ]
          },
          {
            "name": "quantity",
            "type": "INT",
            "description": "Quantity adjusted (always positive)",
            "constraints": [
              "notNull"
            ]
          },
          {
            "name": "previousQuantity",
            "type": "INT",
            "description": "Stock quantity before adjustment",
            "constraints": [
              "notNull"
            ]
          },
          {
            "name": "newQuantity",
            "type": "INT",
            "description": "Stock quantity after adjustment",
            "constraints": [
              "notNull"
            ]
          },
          {
            "name": "reason",
            "type": "STRING",
            "description": "Reason for the stock adjustment",
            "constraints": []
          },
          {
            "name": "adjustedAt",
            "type": "TIMESTAMP",
            "description": "Timestamp when adjustment was made",
            "constraints": [
              "notNull"
            ]
          },
          {
            "name": "adjustedBy",
            "type": "STRING",
            "description": "User who made the adjustment",
            "constraints": []
          }
        ]
      },
      {
        "entityId": "Category",
        "description": "Category for organizing inventory items",
        "fields": [
          {
            "name": "id",
            "type": "STRING",
            "description": "Unique identifier for the category",
            "constraints": [
              "notNull",
              "unique"
            ]
          },
          {
            "name": "name",
            "type": "STRING",
            "description": "Category name",
            "constraints": [
              "notNull",
              "unique"
            ]
          },
          {
            "name": "description",
            "type": "STRING",
            "description": "Category description",
            "constraints": []
          }
        ]
      }
    ],
    "relations": [
      {
        "relationId": "ItemToStockAdjustments",
        "from": {
          "entityId": "Item",
          "field": "id"
        },
        "to": {
          "entityId": "StockAdjustment",
          "field": "itemId"
        },
        "cardinality": "1-n",
        "notes": "One item can have many stock adjustments"
      },
      {
        "relationId": "ItemToCategory",
        "from": {
          "entityId": "Item",
          "field": "category"
        },
        "to": {
          "entityId": "Category",
          "field": "name"
        },
        "cardinality": "n-1",
        "notes": "Many items can belong to one category"
      }
    ]
  },
  "functionalRequirements": [
    {
      "reqId": "REQ001",
      "priority": "must",
      "description": "Users can view a list of all inventory items in a high-density table format with columns for name, SKU, category, current quantity, and actions",
      "relatedPageIds": [
        "ItemsListPage"
      ],
      "relatedSectionIds": [
        "ItemsListMain"
      ]
    },
    {
      "reqId": "REQ002",
      "priority": "must",
      "description": "Users can search items by name or SKU",
      "relatedPageIds": [
        "ItemsListPage"
      ],
      "relatedSectionIds": [
        "ItemsListMain"
      ]
    },
    {
      "reqId": "REQ003",
      "priority": "should",
      "description": "Users can filter items by category",
      "relatedPageIds": [
        "ItemsListPage"
      ],
      "relatedSectionIds": [
        "ItemsListMain"
      ]
    },
    {
      "reqId": "REQ004",
      "priority": "should",
      "description": "Users can sort items by name, quantity, or date",
      "relatedPageIds": [
        "ItemsListPage"
      ],
      "relatedSectionIds": [
        "ItemsListMain"
      ]
    },
    {
      "reqId": "REQ005",
      "priority": "must",
      "description": "Users can create new inventory items with name, SKU, description, category, and initial quantity",
      "relatedPageIds": [
        "CreateItemPage"
      ],
      "relatedSectionIds": [
        "CreateItemForm"
      ]
    },
    {
      "reqId": "REQ006",
      "priority": "must",
      "description": "Users can view detailed information about a specific item",
      "relatedPageIds": [
        "ItemDetailPage"
      ],
      "relatedSectionIds": [
        "ItemDetailMain"
      ]
    },
    {
      "reqId": "REQ007",
      "priority": "must",
      "description": "Users can increase stock quantity with a reason",
      "relatedPageIds": [
        "ItemDetailPage"
      ],
      "relatedSectionIds": [
        "StockAdjustmentPanel"
      ]
    },
    {
      "reqId": "REQ008",
      "priority": "must",
      "description": "Users can decrease stock quantity with a reason",
      "relatedPageIds": [
        "ItemDetailPage"
      ],
      "relatedSectionIds": [
        "StockAdjustmentPanel"
      ]
    },
    {
      "reqId": "REQ009",
      "priority": "should",
      "description": "Users can view stock adjustment history for an item",
      "relatedPageIds": [
        "ItemDetailPage"
      ],
      "relatedSectionIds": [
        "StockHistoryPanel"
      ]
    },
    {
      "reqId": "REQ010",
      "priority": "should",
      "description": "System displays low stock warning when quantity falls below minimum threshold",
      "relatedPageIds": [
        "ItemsListPage",
        "ItemDetailPage"
      ],
      "relatedSectionIds": [
        "ItemsListMain",
        "ItemDetailMain"
      ]
    },
    {
      "reqId": "REQ011",
      "priority": "could",
      "description": "Users can edit existing item details",
      "relatedPageIds": [
        "ItemDetailPage"
      ],
      "relatedSectionIds": [
        "ItemDetailHeader"
      ]
    },
    {
      "reqId": "REQ012",
      "priority": "could",
      "description": "Users can delete items from inventory",
      "relatedPageIds": [
        "ItemDetailPage"
      ],
      "relatedSectionIds": [
        "ItemDetailHeader"
      ]
    },
    {
      "reqId": "REQ013",
      "priority": "must",
      "description": "Table supports pagination for large datasets",
      "relatedPageIds": [
        "ItemsListPage"
      ],
      "relatedSectionIds": [
        "ItemsListMain"
      ]
    }
  ],
  "wiringPlan": {
    "interactions": [
      {
        "interactionId": "IX001",
        "scope": {
          "appId": "InventoryApp",
          "pageId": "ItemsListPage"
        },
        "source": {
          "sectionId": "ItemsListMain",
          "uiElement": "SearchInput",
          "event": "@search",
          "emittedParams": [
            {
              "name": "keyword",
              "type": "STRING",
              "required": false
            }
          ]
        },
        "dataFlow": {
          "appStateWrites": [
            {
              "varName": "$searchKeyword",
              "sourceParam": "keyword"
            }
          ],
          "parameterChain": [
            {
              "paramName": "keyword",
              "from": "event.emittedParams",
              "to": "services[].inputMapping",
              "passThrough": true,
              "required": false
            }
          ]
        },
        "state": [
          {
            "varName": "$searchKeyword",
            "type": "STRING",
            "ownedBy": "App",
            "purpose": "Store current search keyword for filtering items",
            "initialValue": ""
          }
        ],
        "actions": [
          {
            "type": "setState",
            "detail": "Update $searchKeyword with search input"
          },
          {
            "type": "callService",
            "detail": "Fetch filtered items list"
          }
        ],
        "services": [
          {
            "serviceId": "Inventory.QueryItems",
            "purpose": "Fetch items matching search criteria",
            "inputMapping": {
              "keyword": "$searchKeyword",
              "category": "$filterCategory",
              "page": "$currentPage",
              "sortBy": "$sortField",
              "sortOrder": "$sortOrder"
            },
            "outputMapping": {
              "target": "$itemsList",
              "shape": "Array<Item>"
            }
          }
        ],
        "targets": [
          {
            "sectionId": "ItemsListMain",
            "method": "RefreshList",
            "methodParams": [
              {
                "name": "items",
                "type": "Array<Item>",
                "sourceParam": "$itemsList"
              }
            ],
            "whatChanges": "Table re-renders with filtered items"
          }
        ],
        "notes": "Debounced search triggers API call and updates table"
      },
      {
        "interactionId": "IX002",
        "scope": {
          "appId": "InventoryApp",
          "pageId": "ItemsListPage"
        },
        "source": {
          "sectionId": "ItemsListMain",
          "uiElement": "CategoryFilter",
          "event": "@filterChange",
          "emittedParams": [
            {
              "name": "category",
              "type": "STRING",
              "required": false
            }
          ]
        },
        "dataFlow": {
          "appStateWrites": [
            {
              "varName": "$filterCategory",
              "sourceParam": "category"
            }
          ],
          "parameterChain": [
            {
              "paramName": "category",
              "from": "event.emittedParams",
              "to": "services[].inputMapping",
              "passThrough": true,
              "required": false
            }
          ]
        },
        "state": [
          {
            "varName": "$filterCategory",
            "type": "STRING",
            "ownedBy": "App",
            "purpose": "Store selected category filter",
            "initialValue": ""
          }
        ],
        "actions": [
          {
            "type": "setState",
            "detail": "Update $filterCategory"
          },
          {
            "type": "callService",
            "detail": "Fetch filtered items"
          }
        ],
        "services": [
          {
            "serviceId": "Inventory.QueryItems",
            "purpose": "Fetch items filtered by category",
            "inputMapping": {
              "keyword": "$searchKeyword",
              "category": "$filterCategory",
              "page": "1",
              "sortBy": "$sortField",
              "sortOrder": "$sortOrder"
            },
            "outputMapping": {
              "target": "$itemsList",
              "shape": "Array<Item>"
            }
          }
        ],
        "targets": [
          {
            "sectionId": "ItemsListMain",
            "method": "RefreshList",
            "methodParams": [
              {
                "name": "items",
                "type": "Array<Item>",
                "sourceParam": "$itemsList"
              }
            ],
            "whatChanges": "Table re-renders with category-filtered items"
          }
        ],
        "notes": "Filter change resets to page 1"
      },
      {
        "interactionId": "IX003",
        "scope": {
          "appId": "InventoryApp",
          "pageId": "ItemsListPage"
        },
        "source": {
          "sectionId": "ItemsListMain",
          "uiElement": "TableHeader",
          "event": "@sortChange",
          "emittedParams": [
            {
              "name": "sortField",
              "type": "STRING",
              "required": true
            },
            {
              "name": "sortOrder",
              "type": "STRING",
              "required": true
            }
          ]
        },
        "dataFlow": {
          "appStateWrites": [
            {
              "varName": "$sortField",
              "sourceParam": "sortField"
            },
            {
              "varName": "$sortOrder",
              "sourceParam": "sortOrder"
            }
          ],
          "parameterChain": [
            {
              "paramName": "sortField",
              "from": "event.emittedParams",
              "to": "services[].inputMapping",
              "passThrough": true,
              "required": true
            },
            {
              "paramName": "sortOrder",
              "from": "event.emittedParams",
              "to": "services[].inputMapping",
              "passThrough": true,
              "required": true
            }
          ]
        },
        "state": [
          {
            "varName": "$sortField",
            "type": "STRING",
            "ownedBy": "App",
            "purpose": "Current sort field",
            "initialValue": "name"
          },
          {
            "varName": "$sortOrder",
            "type": "STRING",
            "ownedBy": "App",
            "purpose": "Current sort order (asc/desc)",
            "initialValue": "asc"
          }
        ],
        "actions": [
          {
            "type": "setState",
            "detail": "Update sort parameters"
          },
          {
            "type": "callService",
            "detail": "Fetch sorted items"
          }
        ],
        "services": [
          {
            "serviceId": "Inventory.QueryItems",
            "purpose": "Fetch sorted items",
            "inputMapping": {
              "keyword": "$searchKeyword",
              "category": "$filterCategory",
              "page": "$currentPage",
              "sortBy": "$sortField",
              "sortOrder": "$sortOrder"
            },
            "outputMapping": {
              "target": "$itemsList",
              "shape": "Array<Item>"
            }
          }
        ],
        "targets": [
          {
            "sectionId": "ItemsListMain",
            "method": "RefreshList",
            "methodParams": [
              {
                "name": "items",
                "type": "Array<Item>",
                "sourceParam": "$itemsList"
              }
            ],
            "whatChanges": "Table re-renders with sorted items"
          }
        ],
        "notes": "Column header click toggles sort"
      },
      {
        "interactionId": "IX004",
        "scope": {
          "appId": "InventoryApp",
          "pageId": "ItemsListPage"
        },
        "source": {
          "sectionId": "ItemsListMain",
          "uiElement": "Pagination",
          "event": "@pageChange",
          "emittedParams": [
            {
              "name": "page",
              "type": "INT",
              "required": true
            }
          ]
        },
        "dataFlow": {
          "appStateWrites": [
            {
              "varName": "$currentPage",
              "sourceParam": "page"
            }
          ],
          "parameterChain": [
            {
              "paramName": "page",
              "from": "event.emittedParams",
              "to": "services[].inputMapping",
              "passThrough": true,
              "required": true
            }
          ]
        },
        "state": [
          {
            "varName": "$currentPage",
            "type": "INT",
            "ownedBy": "App",
            "purpose": "Current page number",
            "initialValue": "1"
          },
          {
            "varName": "$totalPages",
            "type": "INT",
            "ownedBy": "App",
            "purpose": "Total number of pages",
            "initialValue": "1"
          }
        ],
        "actions": [
          {
            "type": "setState",
            "detail": "Update $currentPage"
          },
          {
            "type": "callService",
            "detail": "Fetch page of items"
          }
        ],
        "services": [
          {
            "serviceId": "Inventory.QueryItems",
            "purpose": "Fetch paginated items",
            "inputMapping": {
              "keyword": "$searchKeyword",
              "category": "$filterCategory",
              "page": "$currentPage",
              "sortBy": "$sortField",
              "sortOrder": "$sortOrder"
            },
            "outputMapping": {
              "target": "$itemsList",
              "shape": "Array<Item>"
            }
          }
        ],
        "targets": [
          {
            "sectionId": "ItemsListMain",
            "method": "RefreshList",
            "methodParams": [
              {
                "name": "items",
                "type": "Array<Item>",
                "sourceParam": "$itemsList"
              }
            ],
            "whatChanges": "Table shows new page of items"
          }
        ],
        "notes": "Pagination navigation"
      },
      {
        "interactionId": "IX005",
        "scope": {
          "appId": "InventoryApp",
          "pageId": "ItemsListPage"
        },
        "source": {
          "sectionId": "ItemsListMain",
          "uiElement": "TableRow",
          "event": "@rowClick",
          "emittedParams": [
            {
              "name": "itemId",
              "type": "STRING",
              "required": true
            }
          ]
        },
        "dataFlow": {
          "appStateWrites": [],
          "parameterChain": [
              {
                "paramName": "itemId",
                "from": "event.emittedParams",
                "to": "navigation.params",
                "passThrough": true,
                "required": true
              }
            ]
        },
        "state": [],
        "actions": [
            {
              "type": "navigate",
              "detail": "Navigate to ItemDetailPage with itemId"
            }
          ],
        "services": [],
        "targets": [],
        "notes": "Row click navigates to item detail"
      },
      {
        "interactionId": "IX006",
        "scope": {
          "appId": "InventoryApp",
          "pageId": "ItemsListPage"
        },
        "source": {
          "sectionId": "ItemsListHeader",
          "uiElement": "CreateButton",
          "event": "@click",
          "emittedParams": []
        },
        "dataFlow": {
          "appStateWrites": [],
          "parameterChain": []
        },
        "state": [],
        "actions": [
            {
              "type": "navigate",
              "detail": "Navigate to CreateItemPage"
            }
          ],
        "services": [],
        "targets": [],
        "notes": "Create button navigates to create page"
      },
      {
        "interactionId": "IX007",
        "scope": {
          "appId": "InventoryApp",
          "pageId": "CreateItemPage"
        },
        "source": {
          "sectionId": "CreateItemForm",
          "uiElement": "SubmitButton",
          "event": "@submit",
          "emittedParams": [
            {
              "name": "formData",
              "type": "{name: STRING, sku: STRING, description: STRING, category: STRING, initialQuantity: INT, minQuantity: INT, unit: STRING}",
              "required": true
            }
          ]
        },
        "dataFlow": {
          "appStateWrites": [],
          "parameterChain": [
              {
                "paramName": "formData",
                "from": "event.emittedParams",
                "to": "services[].inputMapping",
                "passThrough": true,
                "required": true
              }
            ]
        },
        "state": [
          {
            "varName": "$isSubmitting",
            "type": "BOOL",
            "ownedBy": "Section",
            "purpose": "Track form submission state",
            "initialValue": "false"
          }
        ],
        "actions": [
          {
            "type": "setState",
            "detail": "Set $isSubmitting to true"
          },
          {
            "type": "callService",
            "detail": "Create new item"
          },
          {
            "type": "navigate",
            "detail": "Navigate to ItemDetailPage on success"
          }
        ],
        "services": [
          {
            "serviceId": "Inventory.CreateItem",
            "purpose": "Create a new inventory item",
            "inputMapping": {
              "name": "formData.name",
              "sku": "formData.sku",
              "description": "formData.description",
              "category": "formData.category",
              "initialQuantity": "formData.initialQuantity",
              "minQuantity": "formData.minQuantity",
              "unit": "formData.unit"
            },
            "outputMapping": {
              "target": "$createdItem",
              "shape": "Item"
            }
          }
        ],
        "targets": [],
        "notes": "Form validation before submission, navigate to detail on success"
      },
      {
        "interactionId": "IX008",
        "scope": {
          "appId": "InventoryApp",
          "pageId": "ItemDetailPage"
        },
        "source": {
          "sectionId": "StockAdjustmentPanel",
          "uiElement": "IncreaseButton",
          "event": "@click",
          "emittedParams": [
            {
              "name": "quantity",
              "type": "INT",
              "required": true
            },
            {
              "name": "reason",
              "type": "STRING",
              "required": false
            }
          ]
        },
        "dataFlow": {
          "appStateWrites": [],
          "parameterChain": [
              {
                "paramName": "quantity",
                "from": "event.emittedParams",
                "to": "services[].inputMapping",
                "passThrough": true,
                "required": true
              },
              {
                "paramName": "reason",
                "from": "event.emittedParams",
                "to": "services[].inputMapping",
                "passThrough": true,
                "required": false
              }
            ]
        },
        "state": [
          {
            "varName": "$adjustmentQuantity",
            "type": "INT",
            "ownedBy": "Section",
            "purpose": "Quantity to adjust",
            "initialValue": "1"
          },
          {
            "varName": "$adjustmentReason",
            "type": "STRING",
            "ownedBy": "Section",
            "purpose": "Reason for adjustment",
            "initialValue": ""
          }
        ],
        "actions": [
          {
            "type": "callService",
            "detail": "Increase stock quantity"
          },
          {
            "type": "callService",
            "detail": "Refresh item detail and history"
          }
        ],
        "services": [
          {
            "serviceId": "Inventory.AdjustStock",
            "purpose": "Increase item stock",
            "inputMapping": {
              "itemId": "$currentItemId",
              "adjustmentType": "increase",
              "quantity": "event.quantity",
              "reason": "event.reason"
            },
            "outputMapping": {
              "target": "$currentItem",
              "shape": "Item"
            }
          }
        ],
        "targets": [
          {
            "sectionId": "ItemDetailMain",
            "method": "RefreshItem",
            "methodParams": [
              {
                "name": "item",
                "type": "Item",
                "sourceParam": "$currentItem"
              }
            ],
            "whatChanges": "Item detail updates with new quantity"
          },
          {
            "sectionId": "StockHistoryPanel",
            "method": "RefreshHistory",
            "methodParams": [],
            "whatChanges": "History list shows new adjustment"
          }
        ],
        "notes": "Stock increase with audit trail"
      },
      {
        "interactionId": "IX009",
        "scope": {
          "appId": "InventoryApp",
          "pageId": "ItemDetailPage"
        },
        "source": {
          "sectionId": "StockAdjustmentPanel",
          "uiElement": "DecreaseButton",
          "event": "@click",
          "emittedParams": [
            {
              "name": "quantity",
              "type": "INT",
              "required": true
            },
            {
              "name": "reason",
              "type": "STRING",
              "required": false
            }
          ]
        },
        "dataFlow": {
          "appStateWrites": [],
          "parameterChain": [
              {
                "paramName": "quantity",
                "from": "event.emittedParams",
                "to": "services[].inputMapping",
                "passThrough": true,
                "required": true
              },
              {
                "paramName": "reason",
                "from": "event.emittedParams",
                "to": "services[].inputMapping",
                "passThrough": true,
                "required": false
              }
            ]
        },
        "state": [],
        "actions": [
            {
              "type": "callService",
              "detail": "Decrease stock quantity"
            },
            {
              "type": "callService",
              "detail": "Refresh item detail and history"
            }
          ],
        "services": [
            {
              "serviceId": "Inventory.AdjustStock",
              "purpose": "Decrease item stock",
              "inputMapping": {
                "itemId": "$currentItemId",
                "adjustmentType": "decrease",
                "quantity": "event.quantity",
                "reason": "event.reason"
              },
              "outputMapping": {
                "target": "$currentItem",
                "shape": "Item"
              }
            }
          ],
        "targets": [
            {
              "sectionId": "ItemDetailMain",
              "method": "RefreshItem",
              "methodParams": [
                {
                  "name": "item",
                  "type": "Item",
                  "sourceParam": "$currentItem"
                }
              ],
              "whatChanges": "Item detail updates with new quantity"
            },
            {
              "sectionId": "StockHistoryPanel",
              "method": "RefreshHistory",
              "methodParams": [],
              "whatChanges": "History list shows new adjustment"
            }
          ],
        "notes": "Stock decrease with validation to prevent negative"
      },
      {
        "interactionId": "IX010",
        "scope": {
          "appId": "InventoryApp",
          "pageId": "ItemDetailPage"
        },
        "source": {
          "sectionId": "ItemDetailHeader",
          "uiElement": "DeleteButton",
          "event": "@click",
          "emittedParams": []
        },
        "dataFlow": {
          "appStateWrites": [],
          "parameterChain": []
        },
        "state": [
          {
            "varName": "$showDeleteConfirm",
            "type": "BOOL",
            "ownedBy": "App",
            "purpose": "Control delete confirmation modal visibility",
            "initialValue": "false"
          }
        ],
        "actions": [
          {
            "type": "openModal",
            "detail": "Show delete confirmation modal"
          }
        ],
        "services": [],
        "targets": [],
        "notes": "Opens confirmation modal before delete"
      },
      {
        "interactionId": "IX011",
        "scope": {
          "appId": "InventoryApp",
          "pageId": "ItemDetailPage"
        },
        "source": {
          "sectionId": "DeleteConfirmModal",
          "uiElement": "ConfirmButton",
          "event": "@confirm",
          "emittedParams": []
        },
        "dataFlow": {
          "appStateWrites": [],
          "parameterChain": []
        },
        "state": [],
        "actions": [
            {
              "type": "callService",
              "detail": "Delete the item"
            },
            {
              "type": "closeModal",
              "detail": "Close confirmation modal"
            },
            {
              "type": "navigate",
              "detail": "Navigate back to ItemsListPage"
            }
          ],
        "services": [
            {
              "serviceId": "Inventory.DeleteItem",
              "purpose": "Delete inventory item",
              "inputMapping": {
                "itemId": "$currentItemId"
              },
              "outputMapping": {
                "target": "",
                "shape": "void"
              }
            }
          ],
        "targets": [],
        "notes": "Delete item and navigate to list"
      },
      {
        "interactionId": "IX012",
        "scope": {
          "appId": "InventoryApp",
          "pageId": "ItemDetailPage"
        },
        "source": {
          "sectionId": "ItemDetailHeader",
          "uiElement": "BackButton",
          "event": "@click",
          "emittedParams": []
        },
        "dataFlow": {
          "appStateWrites": [],
          "parameterChain": []
        },
        "state": [],
        "actions": [
            {
              "type": "navigate",
              "detail": "Navigate back to ItemsListPage"
            }
          ],
        "services": [],
        "targets": [],
        "notes": "Back navigation to list"
      }
    ]
  },
  "modalSemantics": [
    {
      "modalId": "deleteConfirmModal",
      "sectionId": "DeleteConfirmModal",
      "openTrigger": "IX010 - Delete button click",
      "closeConditions": [
        "maskClick",
        "closeButton",
        "confirmSuccess",
        "cancelButton"
      ],
      "contentDescription": "Confirmation dialog asking user to confirm item deletion with warning message and confirm/cancel buttons"
    }
  ]
}