{
  "localization": {
    "enabled": "false",
    "defaultLocale": "en",
    "fallbackLocale": "en",
    "textStorageStrategy": "key"
  },
  "serviceDomains": [
    {
      "domainId": "Inventory",
      "fileName": "Inventory.vs",
      "filePath": "Services/Inventory.vs",
      "description": "Domain for inventory item management, stock adjustments, and category operations",
      "relatedTables": [
        "Items",
        "StockAdjustments",
        "Categories"
      ],
      "virtualTables": [
        {
          "name": "ItemVT",
          "sourceTable": "Items",
          "fields": [
            {
              "name": "_id",
              "type": "INT",
              "sourceField": "_id",
              "isReadOnly": "true"
            },
            {
              "name": "name",
              "type": "STRING",
              "sourceField": "name"
            },
            {
              "name": "sku",
              "type": "STRING",
              "sourceField": "sku"
            },
            {
              "name": "description",
              "type": "STRING",
              "sourceField": "description"
            },
            {
              "name": "category",
              "type": "STRING",
              "sourceField": "category"
            },
            {
              "name": "currentQuantity",
              "type": "INT",
              "sourceField": "currentQuantity"
            },
            {
              "name": "minQuantity",
              "type": "INT",
              "sourceField": "minQuantity"
            },
            {
              "name": "unit",
              "type": "STRING",
              "sourceField": "unit"
            },
            {
              "name": "_create",
              "type": "TIMESTAMP",
              "sourceField": "_create",
              "isReadOnly": "true"
            },
            {
              "name": "_update",
              "type": "TIMESTAMP",
              "sourceField": "_update",
              "isReadOnly": "true"
            }
          ]
        },
        {
          "name": "StockAdjustmentVT",
          "sourceTable": "StockAdjustments",
          "fields": [
            {
              "name": "_id",
              "type": "INT",
              "sourceField": "_id",
              "isReadOnly": "true"
            },
            {
              "name": "itemId",
              "type": "INT",
              "sourceField": "itemId"
            },
            {
              "name": "adjustmentType",
              "type": "STRING",
              "sourceField": "adjustmentType"
            },
            {
              "name": "quantity",
              "type": "INT",
              "sourceField": "quantity"
            },
            {
              "name": "previousQuantity",
              "type": "INT",
              "sourceField": "previousQuantity"
            },
            {
              "name": "newQuantity",
              "type": "INT",
              "sourceField": "newQuantity"
            },
            {
              "name": "reason",
              "type": "STRING",
              "sourceField": "reason"
            },
            {
              "name": "_create",
              "type": "TIMESTAMP",
              "sourceField": "_create",
              "isReadOnly": "true"
            },
            {
              "name": "_update",
              "type": "TIMESTAMP",
              "sourceField": "_update",
              "isReadOnly": "true"
            },
            {
              "name": "itemName",
              "type": "STRING",
              "sourceField": "itemId~Items[_id].name",
              "isReadOnly": "true",
              "relatedRelation": "Items&StockAdjustments"
            }
          ]
        },
        {
          "name": "CategoryVT",
          "sourceTable": "Categories",
          "fields": [
            {
              "name": "_id",
              "type": "INT",
              "sourceField": "_id",
              "isReadOnly": "true"
            },
            {
              "name": "name",
              "type": "STRING",
              "sourceField": "name"
            },
            {
              "name": "description",
              "type": "STRING",
              "sourceField": "description"
            },
            {
              "name": "_create",
              "type": "TIMESTAMP",
              "sourceField": "_create",
              "isReadOnly": "true"
            },
            {
              "name": "_update",
              "type": "TIMESTAMP",
              "sourceField": "_update",
              "isReadOnly": "true"
            }
          ]
        }
      ],
      "services": [
        {
          "serviceId": "Inventory.QueryItems",
          "name": "QueryItems",
          "description": "Query inventory items with search, filter, sort, and pagination support",
          "virtualTableRef": [
            "ItemVT"
          ],
          "vtOperation": "select",
          "inputParams": [
            {
              "name": "keyword",
              "type": "STRING",
              "required": false,
              "vtField": "name",
              "vtOperator": "*like"
            },
            {
              "name": "skuKeyword",
              "type": "STRING",
              "required": false,
              "vtField": "sku",
              "vtOperator": "*like"
            },
            {
              "name": "category",
              "type": "STRING",
              "required": false,
              "vtField": "category",
              "vtOperator": "*eq"
            },
            {
              "name": "sortBy",
              "type": "STRING",
              "required": false
            },
            {
              "name": "sortOrder",
              "type": "STRING",
              "required": false
            },
            {
              "name": "pageNum",
              "type": "INT",
              "required": false
            },
            {
              "name": "pageSize",
              "type": "INT",
              "required": false
            }
          ],
          "outputParams": [
            {
              "name": "success",
              "type": "BOOL"
            },
            {
              "name": "message",
              "type": "STRING"
            },
            {
              "name": "data",
              "type": "[{}]"
            },
            {
              "name": "total",
              "type": "INT"
            }
          ],
          "queryPlan": {
            "conditions": [
              {
                "vtField": "name",
                "vtOperator": "*like",
                "paramRef": "keyword",
                "required": false
              },
              {
                "vtField": "sku",
                "vtOperator": "*like",
                "paramRef": "skuKeyword",
                "required": false
              },
              {
                "vtField": "category",
                "vtOperator": "*eq",
                "paramRef": "category",
                "required": false
              }
            ],
            "orderBy": [
              {
                "vtField": "name",
                "direction": "asc"
              }
            ],
            "pagination": {
              "mode": "page",
              "pageNumParam": "pageNum",
              "pageSizeParam": "pageSize",
              "defaultPageSize": 20
            }
          },
          "returnFields": [
            "_id",
            "name",
            "sku",
            "description",
            "category",
            "currentQuantity",
            "minQuantity",
            "unit",
            "_create",
            "_update"
          ],
          "errorHandling": {
            "emptyState": "No items found matching the criteria",
            "failureCase": "Failed to retrieve items"
          },
          "businessRules": [
            "Search applies to both name and SKU fields using OR logic",
            "Default sort by name ascending if sortBy not specified",
            "Category filter uses exact match"
          ],
          "wiredFrom": [
            "IX001",
            "IX002",
            "IX003",
            "IX004"
          ]
        },
        {
          "serviceId": "Inventory.GetItemById",
          "name": "GetItemById",
          "description": "Get a single inventory item by its ID",
          "virtualTableRef": [
            "ItemVT"
          ],
          "vtOperation": "select",
          "inputParams": [
            {
              "name": "itemId",
              "type": "INT",
              "required": true,
              "vtField": "_id",
              "vtOperator": "*eq"
            }
          ],
          "outputParams": [
            {
              "name": "success",
              "type": "BOOL"
            },
            {
              "name": "message",
              "type": "STRING"
            },
            {
              "name": "data",
              "type": "[{}]"
            }
          ],
          "queryPlan": {
            "conditions": [
              {
                "vtField": "_id",
                "vtOperator": "*eq",
                "paramRef": "itemId",
                "required": true
              }
            ],
            "orderBy": [],
            "pagination": {
                "mode": "none"
              }
          },
          "returnFields": [
            "_id",
            "name",
            "sku",
            "description",
            "category",
            "currentQuantity",
            "minQuantity",
            "unit",
            "_create",
            "_update"
          ],
          "errorHandling": {
            "emptyState": "Item not found",
            "failureCase": "Failed to retrieve item details"
          },
          "businessRules": [
            "Returns single item or empty if not found"
          ],
          "wiredFrom": []
        },
        {
          "serviceId": "Inventory.CreateItem",
          "name": "CreateItem",
          "description": "Create a new inventory item with initial stock quantity",
          "virtualTableRef": [
            "ItemVT"
          ],
          "vtOperation": "insert",
          "inputParams": [
            {
              "name": "name",
              "type": "STRING",
              "required": true,
              "vtField": "name"
            },
            {
              "name": "sku",
              "type": "STRING",
              "required": false,
              "vtField": "sku"
            },
            {
              "name": "description",
              "type": "STRING",
              "required": false,
              "vtField": "description"
            },
            {
              "name": "category",
              "type": "STRING",
              "required": false,
              "vtField": "category"
            },
            {
              "name": "initialQuantity",
              "type": "INT",
              "required": false,
              "vtField": "currentQuantity"
            },
            {
              "name": "minQuantity",
              "type": "INT",
              "required": false,
              "vtField": "minQuantity"
            },
            {
              "name": "unit",
              "type": "STRING",
              "required": false,
              "vtField": "unit"
            }
          ],
          "outputParams": [
            {
              "name": "success",
              "type": "BOOL"
            },
            {
              "name": "message",
              "type": "STRING"
            },
            {
              "name": "data",
              "type": "[{}]"
            }
          ],
          "queryPlan": {
            "conditions": [],
            "orderBy": [],
            "pagination": {
                  "mode": "none"
                }
          },
          "returnFields": [
            "_id",
            "name",
            "sku",
            "description",
            "category",
            "currentQuantity",
            "minQuantity",
            "unit",
            "_create",
            "_update"
          ],
          "errorHandling": {
            "emptyState": "Item creation returned no data",
            "failureCase": "Failed to create item"
          },
          "businessRules": [
            "SKU must be unique if provided",
            "Initial quantity defaults to 0 if not specified",
            "Unit defaults to pcs if not specified"
          ],
          "wiredFrom": [
            "IX007"
          ]
        },
        {
          "serviceId": "Inventory.UpdateItem",
          "name": "UpdateItem",
          "description": "Update an existing inventory item details (not stock quantity)",
          "virtualTableRef": [
            "ItemVT"
          ],
          "vtOperation": "update",
          "inputParams": [
            {
              "name": "itemId",
              "type": "INT",
              "required": true,
              "vtField": "_id",
              "vtOperator": "*eq"
            },
            {
              "name": "name",
              "type": "STRING",
              "required": false,
              "vtField": "name"
            },
            {
              "name": "sku",
              "type": "STRING",
              "required": false,
              "vtField": "sku"
            },
            {
              "name": "description",
              "type": "STRING",
              "required": false,
              "vtField": "description"
            },
            {
              "name": "category",
              "type": "STRING",
              "required": false,
              "vtField": "category"
            },
            {
              "name": "minQuantity",
              "type": "INT",
              "required": false,
              "vtField": "minQuantity"
            },
            {
              "name": "unit",
              "type": "STRING",
              "required": false,
              "vtField": "unit"
            }
          ],
          "outputParams": [
            {
              "name": "success",
              "type": "BOOL"
            },
            {
              "name": "message",
              "type": "STRING"
            },
            {
              "name": "data",
              "type": "[{}]"
            }
          ],
          "queryPlan": {
            "conditions": [
              {
                "vtField": "_id",
                "vtOperator": "*eq",
                "paramRef": "itemId",
                "required": true
              }
            ],
            "orderBy": [],
            "pagination": {
                "mode": "none"
              }
          },
          "returnFields": [
            "_id",
            "name",
            "sku",
            "description",
            "category",
            "currentQuantity",
            "minQuantity",
            "unit",
            "_create",
            "_update"
          ],
          "errorHandling": {
            "emptyState": "Item not found for update",
            "failureCase": "Failed to update item"
          },
          "businessRules": [
            "Stock quantity cannot be updated directly - use AdjustStock service",
            "SKU must remain unique if changed"
          ],
          "wiredFrom": []
        },
        {
          "serviceId": "Inventory.DeleteItem",
          "name": "DeleteItem",
          "description": "Delete an inventory item",
          "virtualTableRef": [
            "ItemVT"
          ],
          "vtOperation": "delete",
          "inputParams": [
            {
              "name": "itemId",
              "type": "INT",
              "required": true,
              "vtField": "_id",
              "vtOperator": "*eq"
            }
          ],
          "outputParams": [
            {
              "name": "success",
              "type": "BOOL"
            },
            {
              "name": "message",
              "type": "STRING"
            }
          ],
          "queryPlan": {
            "conditions": [
              {
                "vtField": "_id",
                "vtOperator": "*eq",
                "paramRef": "itemId",
                "required": true
              }
            ],
            "orderBy": [],
            "pagination": {
                "mode": "none"
              }
          },
          "returnFields": [],
          "errorHandling": {
              "emptyState": "Item not found for deletion",
              "failureCase": "Failed to delete item"
            },
          "businessRules": [
              "Deleting an item does not automatically delete associated stock adjustments",
              "Consider soft delete for audit trail preservation"
            ],
          "wiredFrom": [
              "IX011"
            ]
        },
        {
          "serviceId": "Inventory.AdjustStock",
          "name": "AdjustStock",
          "description": "Adjust stock quantity for an item (increase or decrease) and record the adjustment",
          "virtualTableRef": [
            "ItemVT",
            "StockAdjustmentVT"
          ],
          "vtOperation": "update",
          "inputParams": [
            {
              "name": "itemId",
              "type": "INT",
              "required": true,
              "vtField": "_id",
              "vtOperator": "*eq"
            },
            {
              "name": "adjustmentType",
              "type": "STRING",
              "required": true
            },
            {
              "name": "quantity",
              "type": "INT",
              "required": true
            },
            {
              "name": "reason",
              "type": "STRING",
              "required": false
            }
          ],
          "outputParams": [
            {
              "name": "success",
              "type": "BOOL"
            },
            {
              "name": "message",
              "type": "STRING"
            },
            {
              "name": "data",
              "type": "[{}]"
            }
          ],
          "queryPlan": {
            "conditions": [
              {
                "vtField": "_id",
                "vtOperator": "*eq",
                "paramRef": "itemId",
                "required": true
              }
            ],
            "orderBy": [],
            "pagination": {
                "mode": "none"
              }
          },
          "returnFields": [
            "_id",
            "name",
            "sku",
            "currentQuantity",
            "minQuantity",
            "unit",
            "_update"
          ],
          "errorHandling": {
            "emptyState": "Item not found for stock adjustment",
            "failureCase": "Failed to adjust stock"
          },
          "businessRules": [
            "adjustmentType must be 'increase' or 'decrease'",
            "quantity must be positive",
            "For decrease: newQuantity cannot go below 0",
            "Creates a StockAdjustment record with previousQuantity and newQuantity",
            "Updates Item.currentQuantity accordingly"
          ],
          "wiredFrom": [
            "IX008",
            "IX009"
          ]
        },
        {
          "serviceId": "Inventory.GetStockHistory",
          "name": "GetStockHistory",
          "description": "Get stock adjustment history for a specific item",
          "virtualTableRef": [
            "StockAdjustmentVT"
          ],
          "vtOperation": "select",
          "inputParams": [
            {
              "name": "itemId",
              "type": "INT",
              "required": true,
              "vtField": "itemId",
              "vtOperator": "*eq"
            },
            {
              "name": "pageNum",
              "type": "INT",
              "required": false
            },
            {
              "name": "pageSize",
              "type": "INT",
              "required": false
            }
          ],
          "outputParams": [
            {
              "name": "success",
              "type": "BOOL"
            },
            {
              "name": "message",
              "type": "STRING"
            },
            {
              "name": "data",
              "type": "[{}]"
            },
            {
              "name": "total",
              "type": "INT"
            }
          ],
          "queryPlan": {
            "conditions": [
              {
                "vtField": "itemId",
                "vtOperator": "*eq",
                "paramRef": "itemId",
                "required": true
              }
            ],
            "orderBy": [
              {
                "vtField": "_create",
                "direction": "desc"
              }
            ],
            "pagination": {
              "mode": "page",
              "pageNumParam": "pageNum",
              "pageSizeParam": "pageSize",
              "defaultPageSize": 20
            }
          },
          "returnFields": [
            "_id",
            "itemId",
            "adjustmentType",
            "quantity",
            "previousQuantity",
            "newQuantity",
            "reason",
            "_create"
          ],
          "errorHandling": {
            "emptyState": "No stock adjustments found for this item",
            "failureCase": "Failed to retrieve stock history"
          },
          "businessRules": [
            "Results ordered by adjustment date descending (most recent first)",
            "Each record shows before and after quantities"
          ],
          "wiredFrom": []
        },
        {
          "serviceId": "Inventory.GetCategories",
          "name": "GetCategories",
          "description": "Get all available categories for filtering and selection",
          "virtualTableRef": [
            "CategoryVT"
          ],
          "vtOperation": "select",
          "inputParams": [],
          "outputParams": [
              {
                "name": "success",
                "type": "BOOL"
              },
              {
                "name": "message",
                "type": "STRING"
              },
              {
                "name": "data",
                "type": "[{}]"
              }
            ],
          "queryPlan": {
              "conditions": [],
              "orderBy": [
                  {
                    "vtField": "name",
                    "direction": "asc"
                  }
                ],
              "pagination": {
                  "mode": "none"
                }
            },
          "returnFields": [
              "_id",
              "name",
              "description"
            ],
          "errorHandling": {
              "emptyState": "No categories found",
              "failureCase": "Failed to retrieve categories"
            },
          "businessRules": [
              "Returns all categories sorted alphabetically"
            ],
          "wiredFrom": []
        },
        {
          "serviceId": "Inventory.CountItems",
          "name": "CountItems",
          "description": "Count total items optionally filtered by category",
          "virtualTableRef": [
            "ItemVT"
          ],
          "vtOperation": "count",
          "inputParams": [
            {
              "name": "category",
              "type": "STRING",
              "required": false,
              "vtField": "category",
              "vtOperator": "*eq"
            }
          ],
          "outputParams": [
            {
              "name": "success",
              "type": "BOOL"
            },
            {
              "name": "message",
              "type": "STRING"
            },
            {
              "name": "total",
              "type": "INT"
            }
          ],
          "queryPlan": {
            "conditions": [
              {
                "vtField": "category",
                "vtOperator": "*eq",
                "paramRef": "category",
                "required": false
              }
            ],
            "orderBy": [],
            "pagination": {
                "mode": "none"
              }
          },
          "returnFields": [],
          "errorHandling": {
              "emptyState": "No items to count",
              "failureCase": "Failed to count items"
            },
          "businessRules": [
              "Returns count of items matching filter criteria"
            ],
          "wiredFrom": []
        }
      ]
    }
  ]
}