{
  "projectName": "MessageBoard",
  "projectDescription": "A feedback and discussion board web application that supports posting messages, optional single-level replies, and browsing by time. Features include a Message List page for browsing posts, a Message Detail page for viewing posts and replies, and a Create Post page for submitting new messages, with a forum-style UI.",
  "deviceTarget": "PC",
  "screenResolution": "1920x1080",
  "localization": {
    "enabled": "false",
    "supportedLocales": [
      "en"
    ],
    "defaultLocale": "en",
    "fallbackLocale": "en",
    "textStorageStrategy": "key",
    "localeStateVar": "$locale",
    "i18nStrings": {}
  },
  "themeReference": {
    "themeFile": "Theme/Theme-Default.vth",
    "colorScheme": "light",
    "designStyle": "Modern forum-style with clean cards and clear typography",
    "notes": "Uses card-based layout for messages, clear visual hierarchy for posts and replies"
  },
  "roles": [
    {
      "roleId": "Guest",
      "roleName": "Guest User",
      "description": "Anonymous user who can browse messages and post without authentication",
      "permissions": [
        "viewMessages",
        "viewMessageDetail",
        "createPost",
        "createReply"
      ]
    }
  ],
  "apps": [
    {
      "appId": "MessageBoardApp",
      "appDescription": "Main application for the message board featuring browsing, viewing, and posting functionality",
      "targetRoleIds": [
        "Guest"
      ],
      "pages": [
        {
          "pageId": "MessageListPage",
          "route": "/",
          "title": "Message Board",
          "isDefault": true,
          "sections": [
            {
              "sectionId": "HeaderSection",
              "sectionType": "header",
              "description": "Top navigation bar with app title and create post button",
              "mergedFeatures": [
                "navigation",
                "action"
              ]
            },
            {
              "sectionId": "MessageListSection",
              "sectionType": "main",
              "description": "Main content area displaying list of messages with filtering, sorting by time, and pagination",
              "mergedFeatures": [
                "filter",
                "sort",
                "list",
                "pagination"
              ]
            }
          ]
        },
        {
          "pageId": "MessageDetailPage",
          "route": "/message/:id",
          "title": "Message Detail",
          "isDefault": false,
          "sections": [
            {
              "sectionId": "DetailHeaderSection",
              "sectionType": "header",
              "description": "Header with back navigation and message title",
              "mergedFeatures": [
                "navigation"
              ]
            },
            {
              "sectionId": "MessageContentSection",
              "sectionType": "main",
              "description": "Display full message content with author info and timestamp",
              "mergedFeatures": [
                "detail"
              ]
            },
            {
              "sectionId": "ReplyListSection",
              "sectionType": "main",
              "description": "List of single-level replies to the message",
              "mergedFeatures": [
                "list"
              ]
            },
            {
              "sectionId": "ReplyFormSection",
              "sectionType": "panel",
              "description": "Form to submit a reply to the current message",
              "mergedFeatures": [
                "form"
              ]
            }
          ]
        },
        {
          "pageId": "CreatePostPage",
          "route": "/create",
          "title": "Create Post",
          "isDefault": false,
          "sections": [
            {
              "sectionId": "CreateHeaderSection",
              "sectionType": "header",
              "description": "Header with back navigation and page title",
              "mergedFeatures": [
                "navigation"
              ]
            },
            {
              "sectionId": "PostFormSection",
              "sectionType": "main",
              "description": "Form for creating a new message post with title, content, and author name fields",
              "mergedFeatures": [
                "form"
              ]
            }
          ]
        }
      ]
    }
  ],
  "dataModel": {
    "entities": [
      {
        "entityId": "Message",
        "description": "Represents a message post on the board",
        "fields": [
          {
            "name": "id",
            "type": "STRING",
            "description": "Unique identifier for the message",
            "constraints": [
              "notNull",
              "unique"
            ]
          },
          {
            "name": "title",
            "type": "STRING",
            "description": "Title of the message post",
            "constraints": [
              "notNull"
            ]
          },
          {
            "name": "content",
            "type": "STRING",
            "description": "Main content body of the message",
            "constraints": [
              "notNull"
            ]
          },
          {
            "name": "authorName",
            "type": "STRING",
            "description": "Display name of the message author",
            "constraints": [
              "notNull"
            ]
          },
          {
            "name": "createdAt",
            "type": "TIMESTAMP",
            "description": "Timestamp when the message was created",
            "constraints": [
              "notNull"
            ]
          },
          {
            "name": "replyCount",
            "type": "INT",
            "description": "Count of replies to this message",
            "constraints": [
              "default:0"
            ]
          }
        ]
      },
      {
        "entityId": "Reply",
        "description": "Represents a single-level reply to a message",
        "fields": [
          {
            "name": "id",
            "type": "STRING",
            "description": "Unique identifier for the reply",
            "constraints": [
              "notNull",
              "unique"
            ]
          },
          {
            "name": "messageId",
            "type": "STRING",
            "description": "Reference to the parent message",
            "constraints": [
              "notNull"
            ]
          },
          {
            "name": "content",
            "type": "STRING",
            "description": "Content of the reply",
            "constraints": [
              "notNull"
            ]
          },
          {
            "name": "authorName",
            "type": "STRING",
            "description": "Display name of the reply author",
            "constraints": [
              "notNull"
            ]
          },
          {
            "name": "createdAt",
            "type": "TIMESTAMP",
            "description": "Timestamp when the reply was created",
            "constraints": [
              "notNull"
            ]
          }
        ]
      }
    ],
    "relations": [
      {
        "relationId": "MessageHasReplies",
        "from": {
          "entityId": "Message",
          "field": "id"
        },
        "to": {
          "entityId": "Reply",
          "field": "messageId"
        },
        "cardinality": "1-n",
        "notes": "A message can have multiple single-level replies"
      }
    ]
  },
  "functionalRequirements": [
    {
      "reqId": "REQ001",
      "priority": "must",
      "description": "Display a paginated list of messages sorted by creation time (newest first)",
      "relatedPageIds": [
        "MessageListPage"
      ],
      "relatedSectionIds": [
        "MessageListSection"
      ]
    },
    {
      "reqId": "REQ002",
      "priority": "must",
      "description": "Allow users to navigate to message detail page by clicking on a message",
      "relatedPageIds": [
        "MessageListPage",
        "MessageDetailPage"
      ],
      "relatedSectionIds": [
        "MessageListSection"
      ]
    },
    {
      "reqId": "REQ003",
      "priority": "must",
      "description": "Display full message content with author name and timestamp on detail page",
      "relatedPageIds": [
        "MessageDetailPage"
      ],
      "relatedSectionIds": [
        "MessageContentSection"
      ]
    },
    {
      "reqId": "REQ004",
      "priority": "must",
      "description": "Display all replies for a message on the detail page",
      "relatedPageIds": [
        "MessageDetailPage"
      ],
      "relatedSectionIds": [
        "ReplyListSection"
      ]
    },
    {
      "reqId": "REQ005",
      "priority": "must",
      "description": "Allow users to submit a reply to a message",
      "relatedPageIds": [
        "MessageDetailPage"
      ],
      "relatedSectionIds": [
        "ReplyFormSection"
      ]
    },
    {
      "reqId": "REQ006",
      "priority": "must",
      "description": "Allow users to create a new message post with title, content, and author name",
      "relatedPageIds": [
        "CreatePostPage"
      ],
      "relatedSectionIds": [
        "PostFormSection"
      ]
    },
    {
      "reqId": "REQ007",
      "priority": "should",
      "description": "Provide navigation back to message list from detail and create pages",
      "relatedPageIds": [
        "MessageDetailPage",
        "CreatePostPage"
      ],
      "relatedSectionIds": [
        "DetailHeaderSection",
        "CreateHeaderSection"
      ]
    },
    {
      "reqId": "REQ008",
      "priority": "should",
      "description": "Show reply count for each message in the list view",
      "relatedPageIds": [
        "MessageListPage"
      ],
      "relatedSectionIds": [
        "MessageListSection"
      ]
    },
    {
      "reqId": "REQ009",
      "priority": "could",
      "description": "Support filtering messages by keyword search",
      "relatedPageIds": [
        "MessageListPage"
      ],
      "relatedSectionIds": [
        "MessageListSection"
      ]
    }
  ],
  "wiringPlan": {
    "interactions": [
      {
        "interactionId": "IX001",
        "scope": {
          "appId": "MessageBoardApp",
          "pageId": "MessageListPage"
        },
        "source": {
          "sectionId": "MessageListSection",
          "uiElement": "SortDropdown",
          "event": "@sortChange",
          "emittedParams": [
            {
              "name": "sortOrder",
              "type": "STRING",
              "required": true
            }
          ]
        },
        "dataFlow": {
          "appStateWrites": [
            {
              "varName": "$currentSortOrder",
              "sourceParam": "sortOrder"
            }
          ],
          "parameterChain": [
            {
              "paramName": "sortOrder",
              "from": "event.emittedParams",
              "to": "services[].inputMapping",
              "passThrough": true,
              "required": true
            }
          ]
        },
        "state": [
          {
            "varName": "$currentSortOrder",
            "type": "STRING",
            "ownedBy": "App",
            "purpose": "Stores current sort order for message list",
            "initialValue": "desc"
          }
        ],
        "actions": [
          {
            "type": "setState",
            "detail": "Update $currentSortOrder"
          },
          {
            "type": "callService",
            "detail": "Fetch messages with new sort order"
          }
        ],
        "services": [
          {
            "serviceId": "Message.GetList",
            "purpose": "Fetch messages with updated sort order",
            "inputMapping": {
              "sortOrder": "event.sortOrder",
              "page": "$currentPage",
              "keyword": "$searchKeyword"
            },
            "outputMapping": {
              "target": "$messageList",
              "shape": "Array<Message>"
            }
          }
        ],
        "targets": [
          {
            "sectionId": "MessageListSection",
            "method": "RefreshList",
            "methodParams": [
              {
                "name": "messages",
                "type": "Array<Message>",
                "sourceParam": "$messageList"
              }
            ],
            "whatChanges": "Updates displayed message list"
          }
        ],
        "notes": "Handles sort order change for message list"
      },
      {
        "interactionId": "IX002",
        "scope": {
          "appId": "MessageBoardApp",
          "pageId": "MessageListPage"
        },
        "source": {
          "sectionId": "MessageListSection",
          "uiElement": "SearchInput",
          "event": "@search",
          "emittedParams": [
            {
              "name": "keyword",
              "type": "STRING",
              "required": false
            }
          ]
        },
        "dataFlow": {
          "appStateWrites": [
            {
              "varName": "$searchKeyword",
              "sourceParam": "keyword"
            }
          ],
          "parameterChain": [
            {
              "paramName": "keyword",
              "from": "event.emittedParams",
              "to": "services[].inputMapping",
              "passThrough": true,
              "required": false
            }
          ]
        },
        "state": [
          {
            "varName": "$searchKeyword",
            "type": "STRING",
            "ownedBy": "App",
            "purpose": "Stores current search keyword",
            "initialValue": ""
          }
        ],
        "actions": [
          {
            "type": "setState",
            "detail": "Update $searchKeyword"
          },
          {
            "type": "callService",
            "detail": "Fetch filtered messages"
          }
        ],
        "services": [
          {
            "serviceId": "Message.GetList",
            "purpose": "Fetch messages filtered by keyword",
            "inputMapping": {
              "keyword": "event.keyword",
              "sortOrder": "$currentSortOrder",
              "page": "1"
            },
            "outputMapping": {
              "target": "$messageList",
              "shape": "Array<Message>"
            }
          }
        ],
        "targets": [
          {
            "sectionId": "MessageListSection",
            "method": "RefreshList",
            "methodParams": [
              {
                "name": "messages",
                "type": "Array<Message>",
                "sourceParam": "$messageList"
              }
            ],
            "whatChanges": "Updates displayed message list with filtered results"
          }
        ],
        "notes": "Handles keyword search for filtering messages"
      },
      {
        "interactionId": "IX003",
        "scope": {
          "appId": "MessageBoardApp",
          "pageId": "MessageListPage"
        },
        "source": {
          "sectionId": "MessageListSection",
          "uiElement": "Pagination",
          "event": "@pageChange",
          "emittedParams": [
            {
              "name": "page",
              "type": "INT",
              "required": true
            }
          ]
        },
        "dataFlow": {
          "appStateWrites": [
            {
              "varName": "$currentPage",
              "sourceParam": "page"
            }
          ],
          "parameterChain": [
            {
              "paramName": "page",
              "from": "event.emittedParams",
              "to": "services[].inputMapping",
              "passThrough": true,
              "required": true
            }
          ]
        },
        "state": [
          {
            "varName": "$currentPage",
            "type": "INT",
            "ownedBy": "App",
            "purpose": "Stores current page number",
            "initialValue": "1"
          }
        ],
        "actions": [
          {
            "type": "setState",
            "detail": "Update $currentPage"
          },
          {
            "type": "callService",
            "detail": "Fetch messages for selected page"
          }
        ],
        "services": [
          {
            "serviceId": "Message.GetList",
            "purpose": "Fetch messages for specified page",
            "inputMapping": {
              "page": "event.page",
              "sortOrder": "$currentSortOrder",
              "keyword": "$searchKeyword"
            },
            "outputMapping": {
              "target": "$messageList",
              "shape": "Array<Message>"
            }
          }
        ],
        "targets": [
          {
            "sectionId": "MessageListSection",
            "method": "RefreshList",
            "methodParams": [
              {
                "name": "messages",
                "type": "Array<Message>",
                "sourceParam": "$messageList"
              }
            ],
            "whatChanges": "Updates displayed message list for new page"
          }
        ],
        "notes": "Handles pagination for message list"
      },
      {
        "interactionId": "IX004",
        "scope": {
          "appId": "MessageBoardApp",
          "pageId": "MessageListPage"
        },
        "source": {
          "sectionId": "MessageListSection",
          "uiElement": "MessageCard",
          "event": "@messageClick",
          "emittedParams": [
            {
              "name": "messageId",
              "type": "STRING",
              "required": true
            }
          ]
        },
        "dataFlow": {
          "appStateWrites": [],
          "parameterChain": [
              {
                "paramName": "messageId",
                "from": "event.emittedParams",
                "to": "navigation.params",
                "passThrough": true,
                "required": true
              }
            ]
        },
        "state": [],
        "actions": [
            {
              "type": "navigate",
              "detail": "Navigate to MessageDetailPage with messageId"
            }
          ],
        "services": [],
        "targets": [],
        "notes": "Navigates to message detail page when a message is clicked"
      },
      {
        "interactionId": "IX005",
        "scope": {
          "appId": "MessageBoardApp",
          "pageId": "MessageListPage"
        },
        "source": {
          "sectionId": "HeaderSection",
          "uiElement": "CreatePostButton",
          "event": "@click",
          "emittedParams": []
        },
        "dataFlow": {
          "appStateWrites": [],
          "parameterChain": []
        },
        "state": [],
        "actions": [
            {
              "type": "navigate",
              "detail": "Navigate to CreatePostPage"
            }
          ],
        "services": [],
        "targets": [],
        "notes": "Navigates to create post page"
      },
      {
        "interactionId": "IX006",
        "scope": {
          "appId": "MessageBoardApp",
          "pageId": "MessageDetailPage"
        },
        "source": {
          "sectionId": "MessageDetailPage",
          "uiElement": "Page",
          "event": "@pageLoad",
          "emittedParams": [
            {
              "name": "messageId",
              "type": "STRING",
              "required": true
            }
          ]
        },
        "dataFlow": {
          "appStateWrites": [
            {
              "varName": "$currentMessageId",
              "sourceParam": "messageId"
            }
          ],
          "parameterChain": [
            {
              "paramName": "messageId",
              "from": "route.params",
              "to": "services[].inputMapping",
              "passThrough": true,
              "required": true
            }
          ]
        },
        "state": [
          {
            "varName": "$currentMessageId",
            "type": "STRING",
            "ownedBy": "App",
            "purpose": "Stores current message ID from route",
            "initialValue": ""
          },
          {
            "varName": "$currentMessage",
            "type": "JSON",
            "ownedBy": "App",
            "purpose": "Stores current message detail",
            "initialValue": "null"
          },
          {
            "varName": "$replyList",
            "type": "ARRAY",
            "ownedBy": "App",
            "purpose": "Stores list of replies for current message",
            "initialValue": "[]"
          }
        ],
        "actions": [
          {
            "type": "setState",
            "detail": "Set $currentMessageId from route"
          },
          {
            "type": "callService",
            "detail": "Fetch message detail and replies"
          }
        ],
        "services": [
          {
            "serviceId": "Message.GetById",
            "purpose": "Fetch message detail by ID",
            "inputMapping": {
              "messageId": "route.params.id"
            },
            "outputMapping": {
              "target": "$currentMessage",
              "shape": "Message"
            }
          },
          {
            "serviceId": "Reply.GetByMessageId",
            "purpose": "Fetch replies for the message",
            "inputMapping": {
              "messageId": "route.params.id"
            },
            "outputMapping": {
              "target": "$replyList",
              "shape": "Array<Reply>"
            }
          }
        ],
        "targets": [
          {
            "sectionId": "MessageContentSection",
            "method": "SetMessage",
            "methodParams": [
              {
                "name": "message",
                "type": "Message",
                "sourceParam": "$currentMessage"
              }
            ],
            "whatChanges": "Displays message content"
          },
          {
            "sectionId": "ReplyListSection",
            "method": "SetReplies",
            "methodParams": [
              {
                "name": "replies",
                "type": "Array<Reply>",
                "sourceParam": "$replyList"
              }
            ],
            "whatChanges": "Displays list of replies"
          }
        ],
        "notes": "Loads message detail and replies on page load"
      },
      {
        "interactionId": "IX007",
        "scope": {
          "appId": "MessageBoardApp",
          "pageId": "MessageDetailPage"
        },
        "source": {
          "sectionId": "ReplyFormSection",
          "uiElement": "SubmitButton",
          "event": "@submitReply",
          "emittedParams": [
            {
              "name": "content",
              "type": "STRING",
              "required": true
            },
            {
              "name": "authorName",
              "type": "STRING",
              "required": true
            }
          ]
        },
        "dataFlow": {
          "appStateWrites": [],
          "parameterChain": [
              {
                "paramName": "content",
                "from": "event.emittedParams",
                "to": "services[].inputMapping",
                "passThrough": true,
                "required": true
              },
              {
                "paramName": "authorName",
                "from": "event.emittedParams",
                "to": "services[].inputMapping",
                "passThrough": true,
                "required": true
              }
            ]
        },
        "state": [],
        "actions": [
            {
              "type": "callService",
              "detail": "Create new reply"
            },
            {
              "type": "callService",
              "detail": "Refresh reply list"
            }
          ],
        "services": [
            {
              "serviceId": "Reply.Create",
              "purpose": "Create a new reply",
              "inputMapping": {
                "messageId": "$currentMessageId",
                "content": "event.content",
                "authorName": "event.authorName"
              },
              "outputMapping": {
                "target": "none",
                "shape": "Reply"
              }
            },
            {
              "serviceId": "Reply.GetByMessageId",
              "purpose": "Refresh replies after creation",
              "inputMapping": {
                "messageId": "$currentMessageId"
              },
              "outputMapping": {
                "target": "$replyList",
                "shape": "Array<Reply>"
              }
            }
          ],
        "targets": [
            {
              "sectionId": "ReplyListSection",
              "method": "SetReplies",
              "methodParams": [
                {
                  "name": "replies",
                  "type": "Array<Reply>",
                  "sourceParam": "$replyList"
                }
              ],
              "whatChanges": "Refreshes reply list with new reply"
            },
            {
              "sectionId": "ReplyFormSection",
              "method": "ClearForm",
              "methodParams": [],
              "whatChanges": "Clears the reply form after successful submission"
            }
          ],
        "notes": "Handles reply submission"
      },
      {
        "interactionId": "IX008",
        "scope": {
          "appId": "MessageBoardApp",
          "pageId": "MessageDetailPage"
        },
        "source": {
          "sectionId": "DetailHeaderSection",
          "uiElement": "BackButton",
          "event": "@click",
          "emittedParams": []
        },
        "dataFlow": {
          "appStateWrites": [],
          "parameterChain": []
        },
        "state": [],
        "actions": [
            {
              "type": "navigate",
              "detail": "Navigate back to MessageListPage"
            }
          ],
        "services": [],
        "targets": [],
        "notes": "Navigates back to message list"
      },
      {
        "interactionId": "IX009",
        "scope": {
          "appId": "MessageBoardApp",
          "pageId": "CreatePostPage"
        },
        "source": {
          "sectionId": "PostFormSection",
          "uiElement": "SubmitButton",
          "event": "@submitPost",
          "emittedParams": [
            {
              "name": "title",
              "type": "STRING",
              "required": true
            },
            {
              "name": "content",
              "type": "STRING",
              "required": true
            },
            {
              "name": "authorName",
              "type": "STRING",
              "required": true
            }
          ]
        },
        "dataFlow": {
          "appStateWrites": [],
          "parameterChain": [
              {
                "paramName": "title",
                "from": "event.emittedParams",
                "to": "services[].inputMapping",
                "passThrough": true,
                "required": true
              },
              {
                "paramName": "content",
                "from": "event.emittedParams",
                "to": "services[].inputMapping",
                "passThrough": true,
                "required": true
              },
              {
                "paramName": "authorName",
                "from": "event.emittedParams",
                "to": "services[].inputMapping",
                "passThrough": true,
                "required": true
              }
            ]
        },
        "state": [],
        "actions": [
            {
              "type": "callService",
              "detail": "Create new message"
            },
            {
              "type": "navigate",
              "detail": "Navigate to MessageListPage on success"
            }
          ],
        "services": [
            {
              "serviceId": "Message.Create",
              "purpose": "Create a new message post",
              "inputMapping": {
                "title": "event.title",
                "content": "event.content",
                "authorName": "event.authorName"
              },
              "outputMapping": {
                "target": "none",
                "shape": "Message"
              }
            }
          ],
        "targets": [],
        "notes": "Handles new post creation and redirects to list"
      },
      {
        "interactionId": "IX010",
        "scope": {
          "appId": "MessageBoardApp",
          "pageId": "CreatePostPage"
        },
        "source": {
          "sectionId": "CreateHeaderSection",
          "uiElement": "BackButton",
          "event": "@click",
          "emittedParams": []
        },
        "dataFlow": {
          "appStateWrites": [],
          "parameterChain": []
        },
        "state": [],
        "actions": [
            {
              "type": "navigate",
              "detail": "Navigate back to MessageListPage"
            }
          ],
        "services": [],
        "targets": [],
        "notes": "Navigates back to message list"
      },
      {
        "interactionId": "IX011",
        "scope": {
          "appId": "MessageBoardApp",
          "pageId": "MessageListPage"
        },
        "source": {
          "sectionId": "MessageListPage",
          "uiElement": "Page",
          "event": "@pageLoad",
          "emittedParams": []
        },
        "dataFlow": {
          "appStateWrites": [],
          "parameterChain": []
        },
        "state": [
          {
            "varName": "$messageList",
            "type": "ARRAY",
            "ownedBy": "App",
            "purpose": "Stores list of messages for display",
            "initialValue": "[]"
          },
          {
            "varName": "$totalPages",
            "type": "INT",
            "ownedBy": "App",
            "purpose": "Stores total number of pages for pagination",
            "initialValue": "1"
          }
        ],
        "actions": [
          {
            "type": "callService",
            "detail": "Fetch initial message list"
          }
        ],
        "services": [
          {
            "serviceId": "Message.GetList",
            "purpose": "Fetch initial message list",
            "inputMapping": {
              "page": "1",
              "sortOrder": "desc",
              "keyword": ""
            },
            "outputMapping": {
              "target": "$messageList",
              "shape": "Array<Message>"
            }
          }
        ],
        "targets": [
          {
            "sectionId": "MessageListSection",
            "method": "RefreshList",
            "methodParams": [
              {
                "name": "messages",
                "type": "Array<Message>",
                "sourceParam": "$messageList"
              }
            ],
            "whatChanges": "Displays initial message list"
          }
        ],
        "notes": "Loads initial message list on page load"
      }
    ]
  },
  "modalSemantics": []
}