{
  "localization": {
    "enabled": "false",
    "defaultLocale": "en",
    "fallbackLocale": "en",
    "textStorageStrategy": "key"
  },
  "serviceDomains": [
    {
      "domainId": "Message",
      "fileName": "Message.vs",
      "filePath": "Services/Message.vs",
      "description": "Service domain for message post operations including listing, retrieval, and creation",
      "relatedTables": [
        "Messages"
      ],
      "virtualTables": [
        {
          "name": "MessageVT",
          "sourceTable": "Messages",
          "fields": [
            {
              "name": "_id",
              "type": "INT",
              "sourceField": "_id",
              "isReadOnly": "true"
            },
            {
              "name": "_create",
              "type": "TIMESTAMP",
              "sourceField": "_create",
              "isReadOnly": "true"
            },
            {
              "name": "_update",
              "type": "TIMESTAMP",
              "sourceField": "_update",
              "isReadOnly": "true"
            },
            {
              "name": "id",
              "type": "STRING",
              "sourceField": "id"
            },
            {
              "name": "title",
              "type": "STRING",
              "sourceField": "title"
            },
            {
              "name": "content",
              "type": "STRING",
              "sourceField": "content"
            },
            {
              "name": "authorName",
              "type": "STRING",
              "sourceField": "authorName"
            },
            {
              "name": "createdAt",
              "type": "TIMESTAMP",
              "sourceField": "createdAt"
            },
            {
              "name": "replyCount",
              "type": "INT",
              "sourceField": "replyCount"
            }
          ]
        }
      ],
      "services": [
        {
          "serviceId": "Message.GetList",
          "name": "GetList",
          "description": "Fetch paginated list of messages with optional keyword filtering and sorting",
          "virtualTableRef": [
            "MessageVT"
          ],
          "vtOperation": "select",
          "inputParams": [
            {
              "name": "keyword",
              "type": "STRING",
              "required": false,
              "vtField": "title",
              "vtOperator": "*contains"
            },
            {
              "name": "sortOrder",
              "type": "STRING",
              "required": false
            },
            {
              "name": "pageNum",
              "type": "INT",
              "required": false
            },
            {
              "name": "pageSize",
              "type": "INT",
              "required": false
            }
          ],
          "outputParams": [
            {
              "name": "success",
              "type": "BOOL"
            },
            {
              "name": "message",
              "type": "STRING"
            },
            {
              "name": "data",
              "type": "[{}]"
            },
            {
              "name": "total",
              "type": "INT"
            }
          ],
          "queryPlan": {
            "conditions": [
              {
                "vtField": "title",
                "vtOperator": "*contains",
                "paramRef": "keyword",
                "required": false
              }
            ],
            "orderBy": [
              {
                "vtField": "createdAt",
                "direction": "desc",
                "paramRef": "sortOrder"
              }
            ],
            "pagination": {
              "mode": "page",
              "pageNumParam": "pageNum",
              "pageSizeParam": "pageSize",
              "defaultPageSize": 10
            }
          },
          "returnFields": [
            "_id",
            "id",
            "title",
            "content",
            "authorName",
            "createdAt",
            "replyCount"
          ],
          "errorHandling": {
            "emptyState": "No messages found",
            "failureCase": "Failed to retrieve messages"
          },
          "businessRules": [
            "Returns messages sorted by createdAt in specified order (default: desc)",
            "Supports keyword search on title field",
            "Pagination defaults to 10 items per page"
          ],
          "wiredFrom": [
            "IX001",
            "IX002",
            "IX003",
            "IX011"
          ]
        },
        {
          "serviceId": "Message.GetById",
          "name": "GetById",
          "description": "Fetch a single message by its unique ID",
          "virtualTableRef": [
            "MessageVT"
          ],
          "vtOperation": "select",
          "inputParams": [
            {
              "name": "messageId",
              "type": "STRING",
              "required": true,
              "vtField": "id",
              "vtOperator": "*eq"
            }
          ],
          "outputParams": [
            {
              "name": "success",
              "type": "BOOL"
            },
            {
              "name": "message",
              "type": "STRING"
            },
            {
              "name": "data",
              "type": "[{}]"
            }
          ],
          "queryPlan": {
            "conditions": [
              {
                "vtField": "id",
                "vtOperator": "*eq",
                "paramRef": "messageId",
                "required": true
              }
            ],
            "orderBy": [],
            "pagination": {
                "mode": "none"
              }
          },
          "returnFields": [
            "_id",
            "id",
            "title",
            "content",
            "authorName",
            "createdAt",
            "replyCount"
          ],
          "errorHandling": {
            "emptyState": "Message not found",
            "failureCase": "Failed to retrieve message"
          },
          "businessRules": [
            "Returns single message matching the provided ID"
          ],
          "wiredFrom": [
            "IX006"
          ]
        },
        {
          "serviceId": "Message.Create",
          "name": "Create",
          "description": "Create a new message post",
          "virtualTableRef": [
            "MessageVT"
          ],
          "vtOperation": "insert",
          "inputParams": [
            {
              "name": "title",
              "type": "STRING",
              "required": true,
              "vtField": "title"
            },
            {
              "name": "content",
              "type": "STRING",
              "required": true,
              "vtField": "content"
            },
            {
              "name": "authorName",
              "type": "STRING",
              "required": true,
              "vtField": "authorName"
            }
          ],
          "outputParams": [
            {
              "name": "success",
              "type": "BOOL"
            },
            {
              "name": "message",
              "type": "STRING"
            },
            {
              "name": "data",
              "type": "[{}]"
            }
          ],
          "queryPlan": {
            "conditions": [],
            "orderBy": [],
            "pagination": {
                  "mode": "none"
                }
          },
          "returnFields": [
            "_id",
            "id",
            "title",
            "content",
            "authorName",
            "createdAt",
            "replyCount"
          ],
          "errorHandling": {
            "emptyState": "N/A",
            "failureCase": "Failed to create message"
          },
          "businessRules": [
            "Auto-generates unique id for the message",
            "Sets createdAt to current timestamp",
            "Initializes replyCount to 0"
          ],
          "wiredFrom": [
            "IX009"
          ]
        }
      ]
    },
    {
      "domainId": "Reply",
      "fileName": "Reply.vs",
      "filePath": "Services/Reply.vs",
      "description": "Service domain for reply operations including listing by message and creation",
      "relatedTables": [
        "Replies"
      ],
      "virtualTables": [
        {
          "name": "ReplyVT",
          "sourceTable": "Replies",
          "fields": [
            {
              "name": "_id",
              "type": "INT",
              "sourceField": "_id",
              "isReadOnly": "true"
            },
            {
              "name": "_create",
              "type": "TIMESTAMP",
              "sourceField": "_create",
              "isReadOnly": "true"
            },
            {
              "name": "_update",
              "type": "TIMESTAMP",
              "sourceField": "_update",
              "isReadOnly": "true"
            },
            {
              "name": "id",
              "type": "STRING",
              "sourceField": "id"
            },
            {
              "name": "messageId",
              "type": "STRING",
              "sourceField": "messageId"
            },
            {
              "name": "content",
              "type": "STRING",
              "sourceField": "content"
            },
            {
              "name": "authorName",
              "type": "STRING",
              "sourceField": "authorName"
            },
            {
              "name": "createdAt",
              "type": "TIMESTAMP",
              "sourceField": "createdAt"
            }
          ]
        }
      ],
      "services": [
        {
          "serviceId": "Reply.GetByMessageId",
          "name": "GetByMessageId",
          "description": "Fetch all replies for a specific message",
          "virtualTableRef": [
            "ReplyVT"
          ],
          "vtOperation": "select",
          "inputParams": [
            {
              "name": "messageId",
              "type": "STRING",
              "required": true,
              "vtField": "messageId",
              "vtOperator": "*eq"
            }
          ],
          "outputParams": [
            {
              "name": "success",
              "type": "BOOL"
            },
            {
              "name": "message",
              "type": "STRING"
            },
            {
              "name": "data",
              "type": "[{}]"
            }
          ],
          "queryPlan": {
            "conditions": [
              {
                "vtField": "messageId",
                "vtOperator": "*eq",
                "paramRef": "messageId",
                "required": true
              }
            ],
            "orderBy": [
              {
                "vtField": "createdAt",
                "direction": "asc"
              }
            ],
            "pagination": {
              "mode": "none"
            }
          },
          "returnFields": [
            "_id",
            "id",
            "messageId",
            "content",
            "authorName",
            "createdAt"
          ],
          "errorHandling": {
            "emptyState": "No replies found for this message",
            "failureCase": "Failed to retrieve replies"
          },
          "businessRules": [
            "Returns replies sorted by createdAt ascending (oldest first)"
          ],
          "wiredFrom": [
            "IX006",
            "IX007"
          ]
        },
        {
          "serviceId": "Reply.CreateReply",
          "name": "Create",
          "description": "Create a new reply to a message",
          "virtualTableRef": [
            "ReplyVT"
          ],
          "vtOperation": "insert",
          "inputParams": [
            {
              "name": "messageId",
              "type": "STRING",
              "required": true,
              "vtField": "messageId"
            },
            {
              "name": "content",
              "type": "STRING",
              "required": true,
              "vtField": "content"
            },
            {
              "name": "authorName",
              "type": "STRING",
              "required": true,
              "vtField": "authorName"
            }
          ],
          "outputParams": [
            {
              "name": "success",
              "type": "BOOL"
            },
            {
              "name": "message",
              "type": "STRING"
            },
            {
              "name": "data",
              "type": "[{}]"
            }
          ],
          "queryPlan": {
            "conditions": [],
            "orderBy": [],
            "pagination": {
                  "mode": "none"
                }
          },
          "returnFields": [
            "_id",
            "id",
            "messageId",
            "content",
            "authorName",
            "createdAt"
          ],
          "errorHandling": {
            "emptyState": "N/A",
            "failureCase": "Failed to create reply"
          },
          "businessRules": [
            "Auto-generates unique id for the reply",
            "Sets createdAt to current timestamp",
            "Should increment replyCount on parent message"
          ],
          "wiredFrom": [
            "IX007"
          ]
        }
      ]
    }
  ]
}