{
  "apps": [
    {
      "appId": "MessageBoardApp",
      "fileName": "MessageBoardApp.vx",
      "filePath": "Apps/MessageBoardApp.vx",
      "deviceTarget": "PC",
      "screenResolution": "1920x1080",
      "themeFile": "Theme/Theme-Default.vth",
      "localization": {
        "enabled": "false",
        "supportedLocales": [
          "en"
        ],
        "defaultLocale": "en",
        "fallbackLocale": "en",
        "textStorageStrategy": "key",
        "localeStateVar": "$locale",
        "i18nStringsFrom": "PRD.localization.i18nStrings"
      },
      "appGlobalVars": [
        {
          "name": "$currentSortOrder",
          "type": "STRING",
          "default": "desc",
          "purpose": "Stores current sort order for message list"
        },
        {
          "name": "$searchKeyword",
          "type": "STRING",
          "default": "",
          "purpose": "Stores current search keyword"
        },
        {
          "name": "$currentPage",
          "type": "INT",
          "default": "1",
          "purpose": "Stores current page number"
        },
        {
          "name": "$messageList",
          "type": "[{_id:INT,id:STRING,title:STRING,content:STRING,authorName:STRING,createdAt:TIMESTAMP,replyCount:INT}]",
          "default": "[]",
          "purpose": "Stores list of messages for display"
        },
        {
          "name": "$totalMessages",
          "type": "INT",
          "default": "0",
          "purpose": "Stores total number of messages for pagination"
        },
        {
          "name": "$currentMessageId",
          "type": "STRING",
          "default": "",
          "purpose": "Stores current message ID from route"
        },
        {
          "name": "$currentMessage",
          "type": "{_id:INT,id:STRING,title:STRING,content:STRING,authorName:STRING,createdAt:TIMESTAMP,replyCount:INT}",
          "default": "null",
          "purpose": "Stores current message detail"
        },
        {
          "name": "$replyList",
          "type": "[{_id:INT,id:STRING,messageId:STRING,content:STRING,authorName:STRING,createdAt:TIMESTAMP}]",
          "default": "[]",
          "purpose": "Stores list of replies for current message"
        }
      ],
      "pages": [
        {
          "pageId": "MessageListPage",
          "route": "/",
          "title": "Message Board",
          "isDefault": true,
          "layoutTree": {
            "container": "Col",
            "instanceId": "messageListPageRoot",
            "props": {
              "width": "100%",
              "height": "100vh",
              "overflow": "hidden"
            },
            "children": [
              {
                "type": "section",
                "sectionId": "HeaderSection",
                "instanceId": "headerSection",
                "sizing": {
                  "flex": "0 0 auto",
                  "width": "100%",
                  "height": "64px",
                  "margin": "0"
                }
              },
              {
                "type": "section",
                "sectionId": "MessageListSection",
                "instanceId": "messageListSection",
                "sizing": {
                  "flex": "1 1 auto",
                  "width": "100%",
                  "height": "auto",
                  "margin": "0"
                }
              }
            ]
          },
          "modalWrappers": [],
          "pageBindings": [
              {
                "wiringRef": "IX011",
                "description": "Initial load of message list on page load",
                "sectionRef": {
                  "sectionId": "MessageListSection",
                  "instanceId": "messageListSection"
                },
                "publicPropsBinding": {},
                "eventBindings": [],
                "methodCalls": [
                      {
                        "methodName": "RefreshList",
                        "callSite": "@init",
                        "args": {
                          "page": "1",
                          "sortOrder": "desc",
                          "keyword": ""
                        },
                        "expectedUpdates": [
                          "$messageList",
                          "$totalMessages"
                        ]
                      }
                    ]
              },
              {
                "wiringRef": "IX001",
                "description": "Sort change triggers list refresh with new sort order",
                "sectionRef": {
                  "sectionId": "MessageListSection",
                  "instanceId": "messageListSection"
                },
                "publicPropsBinding": {},
                "eventBindings": [
                    {
                      "event": "@sortChange",
                      "eventParams": [
                        {
                          "name": "sortOrder",
                          "type": "STRING"
                        }
                      ],
                      "handlerSteps": [
                        {
                          "stepType": "setState",
                          "target": "$currentSortOrder",
                          "targetType": "STRING",
                          "source": "event.sortOrder"
                        },
                        {
                          "stepType": "callSectionMethod",
                          "targetSection": {
                            "sectionId": "MessageListSection",
                            "instanceId": "messageListSection"
                          },
                          "method": "RefreshList",
                          "argMapping": {
                            "page": "$currentPage",
                            "sortOrder": "event.sortOrder",
                            "keyword": "$searchKeyword"
                          },
                          "argTypes": {
                            "page": "INT",
                            "sortOrder": "STRING",
                            "keyword": "STRING"
                          },
                          "awaitResult": true
                        }
                      ]
                    }
                  ],
                "methodCalls": []
              },
              {
                "wiringRef": "IX002",
                "description": "Search triggers list refresh with keyword filter",
                "sectionRef": {
                  "sectionId": "MessageListSection",
                  "instanceId": "messageListSection"
                },
                "publicPropsBinding": {},
                "eventBindings": [
                    {
                      "event": "@search",
                      "eventParams": [
                        {
                          "name": "keyword",
                          "type": "STRING"
                        }
                      ],
                      "handlerSteps": [
                        {
                          "stepType": "setState",
                          "target": "$searchKeyword",
                          "targetType": "STRING",
                          "source": "event.keyword"
                        },
                        {
                          "stepType": "setState",
                          "target": "$currentPage",
                          "targetType": "INT",
                          "source": "1"
                        },
                        {
                          "stepType": "callSectionMethod",
                          "targetSection": {
                            "sectionId": "MessageListSection",
                            "instanceId": "messageListSection"
                          },
                          "method": "RefreshList",
                          "argMapping": {
                            "page": "1",
                            "sortOrder": "$currentSortOrder",
                            "keyword": "event.keyword"
                          },
                          "argTypes": {
                            "page": "INT",
                            "sortOrder": "STRING",
                            "keyword": "STRING"
                          },
                          "awaitResult": true
                        }
                      ]
                    }
                  ],
                "methodCalls": []
              },
              {
                "wiringRef": "IX003",
                "description": "Page change triggers list refresh for new page",
                "sectionRef": {
                  "sectionId": "MessageListSection",
                  "instanceId": "messageListSection"
                },
                "publicPropsBinding": {},
                "eventBindings": [
                    {
                      "event": "@pageChange",
                      "eventParams": [
                        {
                          "name": "page",
                          "type": "INT"
                        }
                      ],
                      "handlerSteps": [
                        {
                          "stepType": "setState",
                          "target": "$currentPage",
                          "targetType": "INT",
                          "source": "event.page"
                        },
                        {
                          "stepType": "callSectionMethod",
                          "targetSection": {
                            "sectionId": "MessageListSection",
                            "instanceId": "messageListSection"
                          },
                          "method": "RefreshList",
                          "argMapping": {
                            "page": "event.page",
                            "sortOrder": "$currentSortOrder",
                            "keyword": "$searchKeyword"
                          },
                          "argTypes": {
                            "page": "INT",
                            "sortOrder": "STRING",
                            "keyword": "STRING"
                          },
                          "awaitResult": true
                        }
                      ]
                    }
                  ],
                "methodCalls": []
              },
              {
                "wiringRef": "IX004",
                "description": "Message click navigates to detail page",
                "sectionRef": {
                  "sectionId": "MessageListSection",
                  "instanceId": "messageListSection"
                },
                "publicPropsBinding": {},
                "eventBindings": [
                    {
                      "event": "@messageClick",
                      "eventParams": [
                        {
                          "name": "messageId",
                          "type": "STRING"
                        }
                      ],
                      "handlerSteps": [
                        {
                          "stepType": "navigate",
                          "target": "/message/{event.messageId}",
                          "params": {
                            "id": "event.messageId"
                          }
                        }
                      ]
                    }
                  ],
                "methodCalls": []
              },
              {
                "wiringRef": "IX005",
                "description": "Create post button navigates to create page",
                "sectionRef": {
                  "sectionId": "HeaderSection",
                  "instanceId": "headerSection"
                },
                "publicPropsBinding": {},
                "eventBindings": [
                    {
                      "event": "@createPostClick",
                      "eventParams": [],
                      "handlerSteps": [
                          {
                            "stepType": "navigate",
                            "target": "/create"
                          }
                        ]
                    }
                  ],
                "methodCalls": []
              }
            ]
        },
        {
          "pageId": "MessageDetailPage",
          "route": "/message/:id",
          "title": "Message Detail",
          "isDefault": false,
          "layoutTree": {
            "container": "Col",
            "instanceId": "messageDetailPageRoot",
            "props": {
              "width": "100%",
              "height": "100vh",
              "overflow": "auto"
            },
            "children": [
              {
                "type": "section",
                "sectionId": "DetailHeaderSection",
                "instanceId": "detailHeaderSection",
                "sizing": {
                  "flex": "0 0 auto",
                  "width": "100%",
                  "height": "64px",
                  "margin": "0"
                }
              },
              {
                "type": "section",
                "sectionId": "MessageContentSection",
                "instanceId": "messageContentSection",
                "sizing": {
                  "flex": "0 0 auto",
                  "width": "100%",
                  "height": "auto",
                  "margin": "0"
                }
              },
              {
                "type": "section",
                "sectionId": "ReplyListSection",
                "instanceId": "replyListSection",
                "sizing": {
                  "flex": "1 1 auto",
                  "width": "100%",
                  "height": "auto",
                  "margin": "0"
                }
              },
              {
                "type": "section",
                "sectionId": "ReplyFormSection",
                "instanceId": "replyFormSection",
                "sizing": {
                  "flex": "0 0 auto",
                  "width": "100%",
                  "height": "auto",
                  "margin": "0"
                }
              }
            ]
          },
          "modalWrappers": [],
          "pageBindings": [
              {
                "wiringRef": "IX006",
                "description": "Load message detail and replies on page load",
                "sectionRef": {
                  "sectionId": "MessageContentSection",
                  "instanceId": "messageContentSection"
                },
                "publicPropsBinding": {},
                "eventBindings": [],
                "methodCalls": [
                      {
                        "methodName": "LoadMessage",
                        "callSite": "@init",
                        "args": {
                          "messageId": "$route.params.id"
                        },
                        "expectedUpdates": [
                          "$currentMessage",
                          "$currentMessageId"
                        ]
                      }
                    ]
              },
              {
                "wiringRef": "IX006",
                "description": "Load replies on page load",
                "sectionRef": {
                  "sectionId": "ReplyListSection",
                  "instanceId": "replyListSection"
                },
                "publicPropsBinding": {},
                "eventBindings": [],
                "methodCalls": [
                      {
                        "methodName": "LoadReplies",
                        "callSite": "@init",
                        "args": {
                          "messageId": "$route.params.id"
                        },
                        "expectedUpdates": [
                          "$replyList"
                        ]
                      }
                    ]
              },
              {
                "wiringRef": "IX007",
                "description": "Reply submission creates reply and refreshes list",
                "sectionRef": {
                  "sectionId": "ReplyFormSection",
                  "instanceId": "replyFormSection"
                },
                "publicPropsBinding": {
                  "messageId": "$currentMessageId"
                },
                "eventBindings": [
                  {
                    "event": "@submitReply",
                    "eventParams": [
                      {
                        "name": "content",
                        "type": "STRING"
                      },
                      {
                        "name": "authorName",
                        "type": "STRING"
                      }
                    ],
                    "handlerSteps": [
                      {
                        "stepType": "callSectionMethod",
                        "targetSection": {
                          "sectionId": "ReplyFormSection",
                          "instanceId": "replyFormSection"
                        },
                        "method": "SubmitReply",
                        "argMapping": {
                          "messageId": "$currentMessageId",
                          "content": "event.content",
                          "authorName": "event.authorName"
                        },
                        "argTypes": {
                          "messageId": "STRING",
                          "content": "STRING",
                          "authorName": "STRING"
                        },
                        "awaitResult": true
                      },
                      {
                        "stepType": "callSectionMethod",
                        "targetSection": {
                          "sectionId": "ReplyListSection",
                          "instanceId": "replyListSection"
                        },
                        "method": "LoadReplies",
                        "argMapping": {
                          "messageId": "$currentMessageId"
                        },
                        "argTypes": {
                          "messageId": "STRING"
                        },
                        "awaitResult": true
                      },
                      {
                        "stepType": "callSectionMethod",
                        "targetSection": {
                          "sectionId": "ReplyFormSection",
                          "instanceId": "replyFormSection"
                        },
                        "method": "ClearForm",
                        "argMapping": {},
                        "argTypes": {},
                        "awaitResult": false
                      }
                    ]
                  }
                ],
                "methodCalls": []
              },
              {
                "wiringRef": "IX008",
                "description": "Back button navigates to message list",
                "sectionRef": {
                  "sectionId": "DetailHeaderSection",
                  "instanceId": "detailHeaderSection"
                },
                "publicPropsBinding": {},
                "eventBindings": [
                    {
                      "event": "@backClick",
                      "eventParams": [],
                      "handlerSteps": [
                          {
                            "stepType": "navigate",
                            "target": "/"
                          }
                        ]
                    }
                  ],
                "methodCalls": []
              }
            ]
        },
        {
          "pageId": "CreatePostPage",
          "route": "/create",
          "title": "Create Post",
          "isDefault": false,
          "layoutTree": {
            "container": "Col",
            "instanceId": "createPostPageRoot",
            "props": {
              "width": "100%",
              "height": "100vh",
              "overflow": "auto"
            },
            "children": [
              {
                "type": "section",
                "sectionId": "CreateHeaderSection",
                "instanceId": "createHeaderSection",
                "sizing": {
                  "flex": "0 0 auto",
                  "width": "100%",
                  "height": "64px",
                  "margin": "0"
                }
              },
              {
                "type": "section",
                "sectionId": "PostFormSection",
                "instanceId": "postFormSection",
                "sizing": {
                  "flex": "1 1 auto",
                  "width": "100%",
                  "height": "auto",
                  "margin": "0"
                }
              }
            ]
          },
          "modalWrappers": [],
          "pageBindings": [
              {
                "wiringRef": "IX009",
                "description": "Post submission creates message and navigates to list",
                "sectionRef": {
                  "sectionId": "PostFormSection",
                  "instanceId": "postFormSection"
                },
                "publicPropsBinding": {},
                "eventBindings": [
                    {
                      "event": "@submitPost",
                      "eventParams": [
                        {
                          "name": "title",
                          "type": "STRING"
                        },
                        {
                          "name": "content",
                          "type": "STRING"
                        },
                        {
                          "name": "authorName",
                          "type": "STRING"
                        }
                      ],
                      "handlerSteps": [
                        {
                          "stepType": "callSectionMethod",
                          "targetSection": {
                            "sectionId": "PostFormSection",
                            "instanceId": "postFormSection"
                          },
                          "method": "CreatePost",
                          "argMapping": {
                            "title": "event.title",
                            "content": "event.content",
                            "authorName": "event.authorName"
                          },
                          "argTypes": {
                            "title": "STRING",
                            "content": "STRING",
                            "authorName": "STRING"
                          },
                          "awaitResult": true
                        },
                        {
                          "stepType": "navigate",
                          "target": "/"
                        }
                      ]
                    }
                  ],
                "methodCalls": []
              },
              {
                "wiringRef": "IX010",
                "description": "Back button navigates to message list",
                "sectionRef": {
                  "sectionId": "CreateHeaderSection",
                  "instanceId": "createHeaderSection"
                },
                "publicPropsBinding": {},
                "eventBindings": [
                    {
                      "event": "@backClick",
                      "eventParams": [],
                      "handlerSteps": [
                          {
                            "stepType": "navigate",
                            "target": "/"
                          }
                        ]
                    }
                  ],
                "methodCalls": []
              }
            ]
        }
      ]
    }
  ],
  "sections": [
    {
      "sectionId": "HeaderSection",
      "fileName": "HeaderSection.sc",
      "filePath": "Sections/HeaderSection.sc",
      "sectionType": "header",
      "description": "Top navigation bar with app title and create post button",
      "mergedFeatures": [
        "navigation",
        "action"
      ],
      "previewSize": {
        "note": "Full width header bar",
        "width": "100%",
        "minHeight": "64px"
      },
      "publicProps": [],
      "keyStates": [],
      "servicesUsed": [],
      "componentRefs": [],
      "componentBindings": [],
      "publicEvents": [
                  {
                    "name": "@createPostClick",
                    "params": [],
                    "description": "Emitted when create post button is clicked"
                  }
                ],
      "publicMethods": [],
      "initBehavior": {},
      "internalStructure": {
                      "blocks": [
                        {
                          "blockName": "headerBar",
                          "purpose": "Container for header content",
                          "layoutHint": "Row",
                          "keyUI": [
                            "AppTitle:Text",
                            "CreatePostButton:Button"
                          ]
                        }
                      ],
                      "notes": "Simple header with app branding and primary action button"
                    },
      "wiringRefs": [
                      "IX005"
                    ]
    },
    {
      "sectionId": "MessageListSection",
      "fileName": "MessageListSection.sc",
      "filePath": "Sections/MessageListSection.sc",
      "sectionType": "main",
      "description": "Main content area displaying list of messages with filtering, sorting by time, and pagination",
      "mergedFeatures": [
        "filter",
        "sort",
        "list",
        "pagination"
      ],
      "previewSize": {
        "note": "Main content area with scrollable list",
        "width": "100%",
        "minHeight": "calc(100vh - 64px)"
      },
      "publicProps": [],
      "keyStates": [
          {
            "name": "$messages",
            "type": "[{_id:INT,id:STRING,title:STRING,content:STRING,authorName:STRING,createdAt:TIMESTAMP,replyCount:INT}]",
            "description": "List of messages to display",
            "initialValue": "[]",
            "ownedBy": "Section",
            "populatedBy": "Message.GetList"
          },
          {
            "name": "$total",
            "type": "INT",
            "description": "Total count of messages for pagination",
            "initialValue": "0",
            "ownedBy": "Section",
            "populatedBy": "Message.GetList"
          },
          {
            "name": "$currentPage",
            "type": "INT",
            "description": "Current page number",
            "initialValue": "1",
            "ownedBy": "Section"
          },
          {
            "name": "$sortOrder",
            "type": "STRING",
            "description": "Current sort order",
            "initialValue": "desc",
            "ownedBy": "Section"
          },
          {
            "name": "$keyword",
            "type": "STRING",
            "description": "Current search keyword",
            "initialValue": "",
            "ownedBy": "Section"
          },
          {
            "name": "$isLoading",
            "type": "BOOL",
            "description": "Loading state indicator",
            "initialValue": "false",
            "ownedBy": "Section"
          }
        ],
      "servicesUsed": [
          {
            "wiringRef": "IX001",
            "serviceId": "Message.GetList",
            "purpose": "Fetch messages with sort, filter and pagination",
            "inputMapping": {
              "keyword": "$keyword",
              "sortOrder": "$sortOrder",
              "pageNum": "$currentPage",
              "pageSize": "10"
            },
            "outputMapping": {
              "data": "$messages",
              "total": "$total"
            }
          }
        ],
      "componentRefs": [
          {
            "componentId": "MessageCard",
            "instanceId": "messageCard",
            "usage": "loop",
            "location": "messageListBlock"
          }
        ],
      "componentBindings": [
          {
            "componentRef": {
              "componentId": "MessageCard",
              "instanceId": "messageCard"
            },
            "propsBinding": {
              "messageId": "item.id",
              "title": "item.title",
              "authorName": "item.authorName",
              "createdAt": "item.createdAt",
              "replyCount": "item.replyCount",
              "contentPreview": "item.content"
            },
            "eventBindings": [
              {
                "event": "@click",
                "eventParams": [
                  {
                    "name": "messageId",
                    "type": "STRING"
                  }
                ],
                "handlerName": "HandleMessageClick",
                "whatItDoes": "Emits messageClick event to navigate to detail page"
              }
            ],
            "wiringRef": "IX004"
          }
        ],
      "publicEvents": [
          {
            "name": "@sortChange",
            "params": [
              {
                "name": "sortOrder",
                "type": "STRING"
              }
            ],
            "description": "Emitted when sort order is changed"
          },
          {
            "name": "@search",
            "params": [
              {
                "name": "keyword",
                "type": "STRING"
              }
            ],
            "description": "Emitted when search is triggered"
          },
          {
            "name": "@pageChange",
            "params": [
              {
                "name": "page",
                "type": "INT"
              }
            ],
            "description": "Emitted when page is changed"
          },
          {
            "name": "@messageClick",
            "params": [
              {
                "name": "messageId",
                "type": "STRING"
              }
            ],
            "description": "Emitted when a message card is clicked"
          }
        ],
      "publicMethods": [
          {
            "name": "RefreshList",
            "params": [
              {
                "name": "page",
                "type": "INT",
                "required": false
              },
              {
                "name": "sortOrder",
                "type": "STRING",
                "required": false
              },
              {
                "name": "keyword",
                "type": "STRING",
                "required": false
              }
            ],
            "returns": [
              {
                "name": "success",
                "type": "BOOL"
              }
            ],
            "description": "Refreshes the message list with given parameters",
            "paramUsage": {
              "page": "Stored in $currentPage, passed to Message.GetList as pageNum",
              "sortOrder": "Stored in $sortOrder, passed to Message.GetList",
              "keyword": "Stored in $keyword, passed to Message.GetList"
            }
          }
        ],
      "initBehavior": {
          "callOnInit": "RefreshList",
          "notes": "Loads initial message list on section mount"
        },
      "internalStructure": {
          "blocks": [
            {
              "blockName": "filterBar",
              "purpose": "Search and sort controls",
              "layoutHint": "Row",
              "keyUI": [
                "SearchInput:Input",
                "SortDropdown:Select"
              ]
            },
            {
              "blockName": "messageListBlock",
              "purpose": "Scrollable list of message cards",
              "layoutHint": "Col",
              "keyUI": [
                "MessageCard:Component (loop)"
              ]
            },
            {
              "blockName": "paginationBlock",
              "purpose": "Pagination controls",
              "layoutHint": "Row",
              "keyUI": [
                "Pagination:Pagination"
              ]
            }
          ],
          "notes": "Contains integrated filter/sort UI, message cards loop, and pagination"
        },
      "wiringRefs": [
          "IX001",
          "IX002",
          "IX003",
          "IX004",
          "IX011"
        ]
    },
    {
      "sectionId": "DetailHeaderSection",
      "fileName": "DetailHeaderSection.sc",
      "filePath": "Sections/DetailHeaderSection.sc",
      "sectionType": "header",
      "description": "Header with back navigation and message title",
      "mergedFeatures": [
        "navigation"
      ],
      "previewSize": {
        "note": "Full width header bar",
        "width": "100%",
        "minHeight": "64px"
      },
      "publicProps": [],
      "keyStates": [],
      "servicesUsed": [],
      "componentRefs": [],
      "componentBindings": [],
      "publicEvents": [
                  {
                    "name": "@backClick",
                    "params": [],
                    "description": "Emitted when back button is clicked"
                  }
                ],
      "publicMethods": [],
      "initBehavior": {},
      "internalStructure": {
                      "blocks": [
                        {
                          "blockName": "headerBar",
                          "purpose": "Container for header content",
                          "layoutHint": "Row",
                          "keyUI": [
                            "BackButton:Button",
                            "PageTitle:Text"
                          ]
                        }
                      ],
                      "notes": "Header with back navigation to message list"
                    },
      "wiringRefs": [
                      "IX008"
                    ]
    },
    {
      "sectionId": "MessageContentSection",
      "fileName": "MessageContentSection.sc",
      "filePath": "Sections/MessageContentSection.sc",
      "sectionType": "main",
      "description": "Display full message content with author info and timestamp",
      "mergedFeatures": [
        "detail"
      ],
      "previewSize": {
        "note": "Full width content card",
        "width": "100%",
        "minHeight": "200px"
      },
      "publicProps": [],
      "keyStates": [
          {
            "name": "$message",
            "type": "{_id:INT,id:STRING,title:STRING,content:STRING,authorName:STRING,createdAt:TIMESTAMP,replyCount:INT}",
            "description": "Current message details",
            "initialValue": "null",
            "ownedBy": "Section",
            "populatedBy": "Message.GetById"
          },
          {
            "name": "$isLoading",
            "type": "BOOL",
            "description": "Loading state indicator",
            "initialValue": "false",
            "ownedBy": "Section"
          }
        ],
      "servicesUsed": [
          {
            "wiringRef": "IX006",
            "serviceId": "Message.GetById",
            "purpose": "Fetch message detail by ID",
            "inputMapping": {
              "messageId": "methodParam.messageId"
            },
            "outputMapping": {
              "data": "$message"
            }
          }
        ],
      "componentRefs": [],
      "componentBindings": [],
      "publicEvents": [],
      "publicMethods": [
                {
                  "name": "LoadMessage",
                  "params": [
                    {
                      "name": "messageId",
                      "type": "STRING",
                      "required": true
                    }
                  ],
                  "returns": [
                    {
                      "name": "success",
                      "type": "BOOL"
                    }
                  ],
                  "description": "Loads message detail by ID",
                  "paramUsage": {
                    "messageId": "Passed to Message.GetById service to fetch message"
                  }
                }
              ],
      "initBehavior": {
                "callOnInit": "LoadMessage",
                "notes": "Loads message on section mount using route param"
              },
      "internalStructure": {
                "blocks": [
                  {
                    "blockName": "messageHeader",
                    "purpose": "Title and metadata",
                    "layoutHint": "Col",
                    "keyUI": [
                      "Title:Text",
                      "AuthorInfo:Row(Avatar, AuthorName, Timestamp)"
                    ]
                  },
                  {
                    "blockName": "messageBody",
                    "purpose": "Full message content",
                    "layoutHint": "Col",
                    "keyUI": [
                      "Content:Text"
                    ]
                  }
                ],
                "notes": "Card-based layout showing complete message details"
              },
      "wiringRefs": [
                "IX006"
              ]
    },
    {
      "sectionId": "ReplyListSection",
      "fileName": "ReplyListSection.sc",
      "filePath": "Sections/ReplyListSection.sc",
      "sectionType": "main",
      "description": "List of single-level replies to the message",
      "mergedFeatures": [
        "list"
      ],
      "previewSize": {
        "note": "Full width reply list",
        "width": "100%",
        "minHeight": "200px"
      },
      "publicProps": [],
      "keyStates": [
          {
            "name": "$replies",
            "type": "[{_id:INT,id:STRING,messageId:STRING,content:STRING,authorName:STRING,createdAt:TIMESTAMP}]",
            "description": "List of replies to display",
            "initialValue": "[]",
            "ownedBy": "Section",
            "populatedBy": "Reply.GetByMessageId"
          },
          {
            "name": "$isLoading",
            "type": "BOOL",
            "description": "Loading state indicator",
            "initialValue": "false",
            "ownedBy": "Section"
          }
        ],
      "servicesUsed": [
          {
            "wiringRef": "IX006",
            "serviceId": "Reply.GetByMessageId",
            "purpose": "Fetch replies for the message",
            "inputMapping": {
              "messageId": "methodParam.messageId"
            },
            "outputMapping": {
              "data": "$replies"
            }
          }
        ],
      "componentRefs": [
          {
            "componentId": "ReplyCard",
            "instanceId": "replyCard",
            "usage": "loop",
            "location": "replyListBlock"
          }
        ],
      "componentBindings": [
          {
            "componentRef": {
              "componentId": "ReplyCard",
              "instanceId": "replyCard"
            },
            "propsBinding": {
              "content": "item.content",
              "authorName": "item.authorName",
              "createdAt": "item.createdAt"
            },
            "eventBindings": [],
            "wiringRef": "internal"
          }
        ],
      "publicEvents": [],
      "publicMethods": [
            {
              "name": "LoadReplies",
              "params": [
                {
                  "name": "messageId",
                  "type": "STRING",
                  "required": true
                }
              ],
              "returns": [
                {
                  "name": "success",
                  "type": "BOOL"
                }
              ],
              "description": "Loads replies for specified message ID",
              "paramUsage": {
                "messageId": "Passed to Reply.GetByMessageId service to fetch replies"
              }
            },
            {
              "name": "SetReplies",
              "params": [
                {
                  "name": "replies",
                  "type": "[{_id:INT,id:STRING,messageId:STRING,content:STRING,authorName:STRING,createdAt:TIMESTAMP}]",
                  "required": true
                }
              ],
              "returns": [
                {
                  "name": "success",
                  "type": "BOOL"
                }
              ],
              "description": "Directly sets the replies list",
              "paramUsage": {
                "replies": "Stored directly in $replies state"
              }
            }
          ],
      "initBehavior": {
            "callOnInit": "LoadReplies",
            "notes": "Loads replies on section mount using route param"
          },
      "internalStructure": {
            "blocks": [
              {
                "blockName": "replyHeader",
                "purpose": "Reply section header",
                "layoutHint": "Row",
                "keyUI": [
                  "RepliesTitle:Text",
                  "ReplyCount:Badge"
                ]
              },
              {
                "blockName": "replyListBlock",
                "purpose": "List of reply cards",
                "layoutHint": "Col",
                "keyUI": [
                  "ReplyCard:Component (loop)",
                  "EmptyState:Block"
                ]
              }
            ],
            "notes": "Displays chronologically ordered list of replies"
          },
      "wiringRefs": [
            "IX006",
            "IX007"
          ]
    },
    {
      "sectionId": "ReplyFormSection",
      "fileName": "ReplyFormSection.sc",
      "filePath": "Sections/ReplyFormSection.sc",
      "sectionType": "panel",
      "description": "Form to submit a reply to the current message",
      "mergedFeatures": [
        "form"
      ],
      "previewSize": {
        "note": "Full width form panel",
        "width": "100%",
        "minHeight": "150px"
      },
      "publicProps": [
        {
          "name": "messageId",
          "type": "STRING",
          "required": true,
          "description": "ID of the message to reply to"
        }
      ],
      "keyStates": [
        {
          "name": "$content",
          "type": "STRING",
          "description": "Reply content input value",
          "initialValue": "",
          "ownedBy": "Section"
        },
        {
          "name": "$authorName",
          "type": "STRING",
          "description": "Author name input value",
          "initialValue": "",
          "ownedBy": "Section"
        },
        {
          "name": "$isSubmitting",
          "type": "BOOL",
          "description": "Form submission state",
          "initialValue": "false",
          "ownedBy": "Section"
        }
      ],
      "servicesUsed": [
        {
          "wiringRef": "IX007",
          "serviceId": "Reply.Create",
          "purpose": "Create a new reply",
          "inputMapping": {
            "messageId": "props.messageId",
            "content": "$content",
            "authorName": "$authorName"
          },
          "outputMapping": {}
        }
      ],
      "componentRefs": [],
      "componentBindings": [],
      "publicEvents": [
            {
              "name": "@submitReply",
              "params": [
                {
                  "name": "content",
                  "type": "STRING"
                },
                {
                  "name": "authorName",
                  "type": "STRING"
                }
              ],
              "description": "Emitted when reply form is submitted"
            }
          ],
      "publicMethods": [
            {
              "name": "SubmitReply",
              "params": [
                {
                  "name": "messageId",
                  "type": "STRING",
                  "required": true
                },
                {
                  "name": "content",
                  "type": "STRING",
                  "required": true
                },
                {
                  "name": "authorName",
                  "type": "STRING",
                  "required": true
                }
              ],
              "returns": [
                {
                  "name": "success",
                  "type": "BOOL"
                }
              ],
              "description": "Submits a new reply to the message",
              "paramUsage": {
                "messageId": "Passed to Reply.Create service",
                "content": "Passed to Reply.Create service as reply content",
                "authorName": "Passed to Reply.Create service as author name"
              }
            },
            {
              "name": "ClearForm",
              "params": [],
              "returns": [
                  {
                    "name": "success",
                    "type": "BOOL"
                  }
                ],
              "description": "Clears the reply form fields",
              "paramUsage": {}
            }
          ],
      "initBehavior": {},
      "internalStructure": {
              "blocks": [
                {
                  "blockName": "formBlock",
                  "purpose": "Reply form inputs",
                  "layoutHint": "Col",
                  "keyUI": [
                    "AuthorNameInput:Input",
                    "ContentTextarea:Textarea",
                    "SubmitButton:Button"
                  ]
                }
              ],
              "notes": "Simple form with author name, content textarea, and submit button"
            },
      "wiringRefs": [
              "IX007"
            ]
    },
    {
      "sectionId": "CreateHeaderSection",
      "fileName": "CreateHeaderSection.sc",
      "filePath": "Sections/CreateHeaderSection.sc",
      "sectionType": "header",
      "description": "Header with back navigation and page title",
      "mergedFeatures": [
        "navigation"
      ],
      "previewSize": {
        "note": "Full width header bar",
        "width": "100%",
        "minHeight": "64px"
      },
      "publicProps": [],
      "keyStates": [],
      "servicesUsed": [],
      "componentRefs": [],
      "componentBindings": [],
      "publicEvents": [
                  {
                    "name": "@backClick",
                    "params": [],
                    "description": "Emitted when back button is clicked"
                  }
                ],
      "publicMethods": [],
      "initBehavior": {},
      "internalStructure": {
                      "blocks": [
                        {
                          "blockName": "headerBar",
                          "purpose": "Container for header content",
                          "layoutHint": "Row",
                          "keyUI": [
                            "BackButton:Button",
                            "PageTitle:Text"
                          ]
                        }
                      ],
                      "notes": "Header with back navigation to message list"
                    },
      "wiringRefs": [
                      "IX010"
                    ]
    },
    {
      "sectionId": "PostFormSection",
      "fileName": "PostFormSection.sc",
      "filePath": "Sections/PostFormSection.sc",
      "sectionType": "main",
      "description": "Form for creating a new message post with title, content, and author name fields",
      "mergedFeatures": [
        "form"
      ],
      "previewSize": {
        "note": "Full width form",
        "width": "100%",
        "minHeight": "400px"
      },
      "publicProps": [],
      "keyStates": [
          {
            "name": "$title",
            "type": "STRING",
            "description": "Post title input value",
            "initialValue": "",
            "ownedBy": "Section"
          },
          {
            "name": "$content",
            "type": "STRING",
            "description": "Post content input value",
            "initialValue": "",
            "ownedBy": "Section"
          },
          {
            "name": "$authorName",
            "type": "STRING",
            "description": "Author name input value",
            "initialValue": "",
            "ownedBy": "Section"
          },
          {
            "name": "$isSubmitting",
            "type": "BOOL",
            "description": "Form submission state",
            "initialValue": "false",
            "ownedBy": "Section"
          }
        ],
      "servicesUsed": [
          {
            "wiringRef": "IX009",
            "serviceId": "Message.Create",
            "purpose": "Create a new message post",
            "inputMapping": {
              "title": "$title",
              "content": "$content",
              "authorName": "$authorName"
            },
            "outputMapping": {}
          }
        ],
      "componentRefs": [],
      "componentBindings": [],
      "publicEvents": [
              {
                "name": "@submitPost",
                "params": [
                  {
                    "name": "title",
                    "type": "STRING"
                  },
                  {
                    "name": "content",
                    "type": "STRING"
                  },
                  {
                    "name": "authorName",
                    "type": "STRING"
                  }
                ],
                "description": "Emitted when post form is submitted"
              }
            ],
      "publicMethods": [
              {
                "name": "CreatePost",
                "params": [
                  {
                    "name": "title",
                    "type": "STRING",
                    "required": true
                  },
                  {
                    "name": "content",
                    "type": "STRING",
                    "required": true
                  },
                  {
                    "name": "authorName",
                    "type": "STRING",
                    "required": true
                  }
                ],
                "returns": [
                  {
                    "name": "success",
                    "type": "BOOL"
                  }
                ],
                "description": "Creates a new message post",
                "paramUsage": {
                  "title": "Passed to Message.Create service as post title",
                  "content": "Passed to Message.Create service as post content",
                  "authorName": "Passed to Message.Create service as author name"
                }
              }
            ],
      "initBehavior": {},
      "internalStructure": {
                "blocks": [
                  {
                    "blockName": "formBlock",
                    "purpose": "Post form inputs",
                    "layoutHint": "Col",
                    "keyUI": [
                      "TitleInput:Input",
                      "AuthorNameInput:Input",
                      "ContentTextarea:Textarea",
                      "SubmitButton:Button"
                    ]
                  }
                ],
                "notes": "Form with title, author name, content textarea, and submit button"
              },
      "wiringRefs": [
                "IX009"
              ]
    }
  ],
  "components": [
    {
      "componentId": "MessageCard",
      "fileName": "MessageCard.cp",
      "filePath": "ExtComponents/MessageCard.cp",
      "description": "Card component displaying message preview in the list",
      "reusedIn": [
        "MessageListSection"
      ],
      "previewSize": {
        "note": "Full width card in list",
        "width": "100%",
        "height": "120px"
      },
      "publicProps": [
        {
          "name": "messageId",
          "type": "STRING",
          "required": true,
          "description": "Unique message identifier"
        },
        {
          "name": "title",
          "type": "STRING",
          "required": true,
          "description": "Message title"
        },
        {
          "name": "authorName",
          "type": "STRING",
          "required": true,
          "description": "Author display name"
        },
        {
          "name": "createdAt",
          "type": "TIMESTAMP",
          "required": true,
          "description": "Message creation timestamp"
        },
        {
          "name": "replyCount",
          "type": "INT",
          "required": true,
          "description": "Number of replies"
        },
        {
          "name": "contentPreview",
          "type": "STRING",
          "required": false,
          "description": "Preview of message content"
        }
      ],
      "internalStructure": {
        "elements": [
          "CardContainer",
          "TitleText",
          "MetaRow",
          "AuthorText",
          "TimestampText",
          "ReplyCountBadge",
          "ContentPreviewText"
        ],
        "layoutHint": "Col",
        "notes": "Hoverable card with title, author info, timestamp, reply count badge, and content preview"
      },
      "publicEvents": [
        {
          "name": "@click",
          "params": [
            {
              "name": "messageId",
              "type": "STRING"
            }
          ],
          "description": "Emitted when card is clicked, passing message ID"
        }
      ],
      "publicMethods": []
    },
    {
      "componentId": "ReplyCard",
      "fileName": "ReplyCard.cp",
      "filePath": "ExtComponents/ReplyCard.cp",
      "description": "Card component displaying a single reply",
      "reusedIn": [
        "ReplyListSection"
      ],
      "previewSize": {
        "note": "Full width reply card",
        "width": "100%",
        "height": "80px"
      },
      "publicProps": [
        {
          "name": "content",
          "type": "STRING",
          "required": true,
          "description": "Reply content text"
        },
        {
          "name": "authorName",
          "type": "STRING",
          "required": true,
          "description": "Reply author name"
        },
        {
          "name": "createdAt",
          "type": "TIMESTAMP",
          "required": true,
          "description": "Reply creation timestamp"
        }
      ],
      "internalStructure": {
        "elements": [
          "CardContainer",
          "ContentText",
          "MetaRow",
          "AuthorText",
          "TimestampText"
        ],
        "layoutHint": "Col",
        "notes": "Simple card showing reply content with author and timestamp"
      },
      "publicEvents": [],
      "publicMethods": []
    }
  ]
}